EO1;EO2;EO3;EO4;EO5;EO6;EO7;EO8;EO9;IO1;IO2;IO3;IO4;IO5;IO6;CO1;CO2;CO3;CO4;CO5;PMO1;PMO2;PMO3;PMO4;PMO5;PMO6;PMO7;PMO8;RMO1;RMO2;RMO3;RMO4;RMO5;RMO6;RMO7;BITM1;BITM2;BITM3;BITM4;BITM5;BITM6;AS1;AS2;AS3;AS4;AS5;AS6;IC1;IC2;IC3;IC4;IC5;IE1;IE2;IE3;PC1;PC2;PC3;PC4;PC5;CN1;CN2;CN3;CN4;CN5;SD1;SD2;SD3;SD4;SD5;SD6;CFI1;CFI2;CFI3;CFI4;CFI5;IPI1;IPI2;IPI3;TMAL1;TMAL3;TMAL4;TMAD2;TMAD3;TMAD4;EXOR1;EXOR2;EXOR3;EXOI2;EXOI3;EXOI4;SF1;SF2;SF3;SF4;SF5;SF6;KSOI1;KSOI2;KSOI3;KSOI5;KSOR1;KSOR2;KSOR3;KSOR4;KSOR5;KSOR6;MCC1;MCC2;MCC3;MCC4;MCC5;MCC6;MCC7;AL1;AL2;AL3;AD1;AD2;AD3;AD4;SLC1;SLC2;SLC3;SLC4;SLC5;SLC6;NPI1;NPI2;NPI3;NPI4;NPI5;NPI6;NPS1;NPS2;NPS3;NPS4;NPS5;NPP1;NPP2;NPP3;IP1;IP2;IP3;CP1;CP2;CP3;CP4;CP5;CP6;Firm Size (FTE);CUT1;CUT2;CUT3;COT1;COT2;COT3;TT1;TT2;TT3;Firm Age;M/S;Educational Level;NRTM;Industry;Z_Industrials;Z_Consumer Discretionary;Z_Consumer Staples;Z_Health Care;Z_Financials;Z_Information Technology;Z_Others
7;7;7;4;7;6;5;7;7;7;5;7;5;7;7;6;5;7;4;5;7;7;7;7;4;7;7;4;7;7;7;5;7;7;5;7;7;6;5;6;7;5;7;5;1;7;6;7;1;6;7;7;5;7;5;7;1;3;1;7;5;5;6;7;7;1;1;1;1;1;3;1;2;1;1;4;7;4;7;7;7;7;7;7;7;7;1;7;7;4;7;4;7;7;6;7;7;7;4;4;7;4;7;7;7;4;4;4;7;7;7;7;7;7;7;7;7;1;7;4;7;4;4;7;7;7;7;7;1;1;1;1;1;7;7;4;4;4;4;3;5;4;5;7;4;4;5;5;5;4;4;7;7;4;4;7;7;5;7;7;24;1;5;5;3;1;0;0;0;0;0;0
7;6;5;6;5;6;5;5;5;5;6;7;6;6;6;7;6;6;6;5;6;6;6;6;4;6;5;5;5;4;4;6;6;6;5;5;5;5;5;4;4;4;6;5;2;6;5;6;6;6;5;5;4;4;4;5;5;5;5;5;4;6;6;6;6;3;6;4;3;5;4;5;3;5;6;6;2;3;5;6;6;6;6;5;4;6;6;6;6;6;5;6;6;6;6;6;6;5;5;5;5;5;6;6;6;6;6;2;2;2;2;2;6;2;6;6;6;6;6;5;5;4;4;4;5;5;4;5;5;5;5;5;5;5;4;4;4;4;4;4;4;4;4;4;3;3;3;3;3;3;5;7;7;4;4;4;5;7;7;5;23;1;80;35;20;0;0;0;0;0;1;0
7;1;7;7;3;3;3;4;4;4;3;4;4;4;7;7;3;4;4;4;4;3;4;4;4;3;3;3;7;4;4;7;7;7;5;4;7;7;5;7;6;5;7;6;4;7;7;7;5;7;7;7;5;6;5;4;3;3;1;3;4;6;2;6;5;1;3;3;3;3;3;3;3;3;2;3;5;5;4;4;3;3;3;2;3;3;2;3;2;3;4;5;4;4;4;3;3;4;4;3;4;4;4;4;4;3;4;4;4;5;6;5;6;5;4;5;5;4;4;3;3;4;5;5;5;4;4;3;3;4;4;4;3;3;3;3;2;3;4;3;5;3;4;2;2;1;2;3;3;2;4;5;4;5;2;6;5;2;7;5;25;1;15;15;1;0;0;0;0;0;0;1
6;6;5;6;5;6;5;4;4;7;6;7;7;7;6;7;6;6;7;5;6;6;6;6;5;5;5;4;6;6;7;5;5;7;5;6;5;6;5;6;5;6;6;5;6;6;5;6;7;6;6;7;6;5;7;6;2;7;7;2;6;5;7;7;6;6;7;2;7;1;5;7;7;6;6;6;6;7;7;6;6;5;5;5;5;7;6;7;6;5;5;2;2;6;6;5;5;6;2;2;1;5;6;7;4;3;1;7;6;4;5;6;5;5;4;1;3;6;4;4;2;6;5;6;6;4;6;2;5;6;5;6;6;1;5;5;1;4;6;4;4;2;2;1;1;3;4;3;2;3;4;2;6;6;5;5;2;2;5;6;12;1;20;8;6;0;1;0;0;0;0;0
6;4;3;6;4;5;5;4;5;5;5;5;6;7;7;7;7;7;6;6;7;5;6;6;6;4;5;6;6;2;6;5;7;7;6;5;6;5;5;6;6;4;6;6;6;7;7;5;7;6;5;6;6;6;6;2;2;5;3;3;6;6;6;7;7;1;4;6;2;1;5;7;7;7;6;7;6;6;7;7;6;7;6;6;6;6;6;6;6;6;6;6;6;6;6;6;6;6;6;6;6;7;6;6;6;6;6;6;6;5;6;7;4;7;6;6;6;7;7;6;6;5;5;6;7;6;6;6;5;5;6;6;6;4;7;3;4;5;6;5;5;5;7;6;3;3;3;5;5;3;4;6;6;4;4;4;6;5;5;6;35;1;70;6;3;1;0;0;0;0;0;0
5;6;5;5;4;5;5;5;4;5;5;5;5;6;5;5;5;5;5;5;6;6;6;6;6;6;6;6;6;6;6;6;6;6;6;6;6;6;6;6;6;6;6;7;2;6;6;7;7;7;7;7;7;7;7;5;3;3;3;3;6;6;6;6;6;3;2;2;3;3;2;2;2;2;2;2;6;6;6;6;6;6;6;6;6;6;6;5;6;5;6;6;6;6;6;6;6;6;6;6;6;6;5;5;5;5;5;5;6;6;5;5;6;6;6;6;6;6;6;6;6;6;6;6;6;6;6;6;6;6;6;6;6;5;6;5;5;5;6;6;6;5;6;5;5;5;4;5;5;4;3;5;5;5;3;4;5;4;6;6;25;1;70;4;3;1;0;0;0;0;0;0
6;5;5;7;5;6;5;5;6;6;6;6;6;7;6;7;7;6;6;6;5;5;6;5;6;4;4;6;6;6;6;7;6;6;6;5;6;5;5;6;4;5;6;6;3;7;6;5;6;5;4;5;5;4;5;4;3;6;5;5;5;6;6;6;7;2;5;5;2;2;2;4;6;5;5;6;5;5;6;5;6;6;6;7;6;6;6;6;6;5;6;5;6;6;6;6;6;5;6;5;5;4;4;4;4;4;5;3;4;3;3;4;5;5;6;6;5;5;5;6;5;5;5;6;6;4;6;6;5;6;6;6;6;3;5;2;4;5;5;4;5;5;4;3;4;2;4;4;3;4;4;7;6;6;6;4;6;6;5;6;24;1;25;10;6;0;1;0;0;0;0;0
6;2;5;4;4;6;4;5;5;6;5;6;6;6;6;7;7;7;7;7;5;6;5;5;4;6;5;4;6;6;7;7;7;5;7;5;4;5;4;4;4;4;5;5;3;6;5;5;6;5;4;5;4;6;6;4;5;6;5;6;6;6;6;2;6;2;5;6;2;2;3;3;6;5;5;5;5;6;6;6;6;6;6;6;5;6;2;6;6;4;6;4;4;4;6;6;6;6;6;5;5;6;6;6;5;6;5;6;3;4;6;6;2;6;6;6;6;4;5;5;6;6;6;6;5;6;6;2;2;5;5;3;6;3;6;3;5;5;6;4;4;5;5;3;3;3;4;3;2;2;5;6;4;6;3;4;7;6;4;3;45;1;20;10;2;0;0;0;0;0;0;1
6;4;2;6;6;3;2;5;5;5;5;6;5;6;5;7;7;6;7;7;6;5;5;7;5;6;5;6;6;6;6;6;7;7;7;6;6;6;6;6;6;7;7;6;6;7;7;6;7;6;6;6;6;6;6;1;6;6;5;2;6;6;7;7;7;6;6;5;5;2;2;3;4;6;6;6;7;6;7;7;7;7;6;5;7;6;5;7;7;7;7;6;2;5;6;6;6;6;6;6;6;7;7;5;2;6;6;3;2;5;2;7;7;5;7;7;7;6;6;6;6;3;3;5;6;5;6;4;7;5;5;5;5;5;6;5;6;5;5;7;6;4;5;4;4;5;4;5;5;3;3;6;6;6;6;6;7;2;7;5;10;1;100;6;11;0;0;1;0;0;0;0
5;5;6;7;2;6;4;6;4;6;6;7;6;6;6;7;7;7;6;7;5;6;5;7;7;6;6;6;7;6;6;7;6;7;7;4;4;5;5;5;3;6;6;6;6;7;6;6;6;5;6;5;6;6;6;3;4;5;2;3;6;6;6;7;6;2;3;2;2;2;6;6;6;5;6;7;2;2;2;7;7;7;6;6;5;6;4;5;7;7;5;5;5;5;5;5;5;6;6;7;6;6;6;7;7;6;6;6;5;4;5;5;7;5;5;6;6;7;5;6;6;6;6;5;6;6;6;5;7;7;7;7;7;6;7;7;6;6;6;7;7;7;7;7;5;5;5;5;5;5;6;7;7;6;6;6;6;6;4;6;65;1;20;100;6;0;1;0;0;0;0;0
7;5;5;6;7;5;5;3;7;7;5;7;7;7;7;5;5;5;5;5;6;6;6;7;7;7;7;7;7;7;7;7;7;7;7;6;6;6;6;6;6;4;4;2;2;6;6;6;5;7;6;7;7;6;7;3;1;6;3;5;6;7;6;6;7;1;7;7;4;2;3;7;7;7;7;7;7;7;7;7;7;5;7;6;6;7;5;5;5;6;6;7;7;7;7;7;7;3;3;3;3;7;7;7;7;7;7;7;7;7;7;7;4;4;5;4;4;6;6;6;6;6;5;6;6;6;6;7;7;7;7;7;7;7;7;7;7;7;6;7;7;6;6;6;5;5;5;5;4;4;4;7;7;5;6;6;6;6;6;6;28;1;70;30;20;0;0;0;0;0;1;0
7;6;6;6;5;6;6;6;6;5;6;6;6;7;6;7;7;6;6;6;5;5;5;4;4;4;4;7;5;4;5;4;4;4;4;5;4;5;6;6;6;7;7;6;5;5;4;6;6;5;5;5;5;6;7;2;5;2;3;2;5;6;6;6;4;2;6;5;2;5;4;6;6;6;5;5;5;5;4;6;5;5;6;6;6;7;6;6;6;6;6;5;6;5;6;6;6;7;6;6;6;7;7;7;7;7;7;6;4;2;3;7;3;7;6;6;5;6;6;6;5;6;6;5;6;7;7;6;6;6;6;6;6;4;4;3;3;3;6;6;6;7;7;7;4;4;5;5;5;5;5;5;4;4;4;4;5;6;7;7;6;1;85;50;15;0;0;0;1;0;0;0
6;6;5;2;2;1;1;2;1;5;2;3;5;7;5;7;7;7;7;7;5;5;4;3;6;5;1;2;2;2;3;3;2;1;2;4;3;3;3;2;2;4;4;5;3;4;5;3;4;4;4;3;3;4;3;4;5;5;5;4;6;5;3;4;4;6;7;6;5;5;5;2;2;1;2;2;5;5;4;5;6;2;2;1;1;1;1;2;2;2;2;1;2;2;2;2;2;3;6;6;2;2;4;4;1;1;1;2;2;1;1;1;7;2;1;2;2;2;1;2;2;5;4;2;3;5;2;1;1;2;2;3;2;1;1;1;1;1;4;3;3;3;3;3;5;4;2;4;3;4;6;4;3;5;3;3;4;3;3;5;110;1;40;8;6;0;1;0;0;0;0;0
6;5;5;3;4;6;2;6;3;6;5;6;6;6;5;7;7;6;6;3;3;3;4;4;6;3;4;5;4;3;5;4;5;6;3;5;5;5;5;5;5;3;6;5;3;7;4;5;5;4;4;5;3;3;3;5;5;5;4;5;5;5;6;6;6;5;3;3;6;5;3;4;5;3;3;2;4;4;5;5;5;4;5;5;5;4;3;3;5;6;5;4;5;5;4;5;5;3;5;5;5;4;5;5;6;5;5;6;5;5;6;6;5;6;4;3;5;3;5;3;4;4;4;3;3;4;4;3;4;3;3;4;4;2;3;3;4;3;6;5;5;3;5;3;5;5;4;4;5;2;5;6;6;5;5;4;5;5;6;5;20;1;70;2;22;0;0;0;0;0;1;0
5;4;4;5;4;4;4;5;4;5;4;5;5;6;5;6;6;6;6;6;5;5;4;4;5;4;4;5;4;5;5;4;4;5;5;5;6;6;5;6;6;4;4;4;3;6;5;5;6;5;5;5;5;4;5;4;4;5;4;5;5;5;6;5;6;6;3;4;5;5;3;5;3;3;3;3;5;5;5;6;6;6;6;4;5;4;3;4;5;4;3;4;5;5;4;6;5;5;5;5;5;5;5;5;5;5;5;5;3;3;4;5;5;3;5;5;5;6;6;5;5;4;5;5;5;5;5;3;3;4;4;4;4;2;3;2;3;4;3;3;3;3;3;3;2;3;3;3;3;3;5;4;3;3;3;3;4;3;3;3;30;1;75;8;6;0;1;0;0;0;0;0
2;6;6;5;4;6;5;5;6;6;6;6;6;6;7;6;7;6;7;5;5;7;7;6;6;6;7;6;7;3;7;7;7;7;6;6;7;7;7;5;7;5;5;5;5;7;6;7;6;7;5;7;6;5;6;5;5;6;5;5;5;5;5;6;5;2;4;2;2;2;2;4;2;1;2;2;5;5;5;6;6;5;7;6;7;6;4;5;7;7;6;5;5;4;7;7;6;6;6;6;7;6;7;6;6;6;6;5;6;6;5;6;4;5;5;5;6;6;6;6;6;7;6;6;6;7;6;7;7;7;7;6;6;7;6;5;6;6;3;7;7;5;7;5;3;5;1;5;5;2;4;6;7;6;3;4;6;5;5;6;11;1;80;15;19;0;0;0;0;1;0;0
6;7;5;3;4;6;3;2;3;5;6;5;6;7;7;7;6;5;6;4;2;4;4;5;5;4;2;4;6;5;7;5;7;7;5;6;6;5;4;5;4;4;6;6;5;6;3;5;6;5;4;4;5;6;5;7;5;6;5;6;6;7;7;7;7;6;3;4;6;6;5;3;5;3;5;4;5;6;6;5;5;6;3;5;2;6;5;5;7;5;7;4;5;6;3;6;5;6;6;5;6;6;6;6;3;4;5;5;7;7;5;7;4;6;7;6;6;5;5;3;5;6;5;5;5;3;3;4;3;7;6;6;6;4;6;4;3;5;6;5;6;5;7;4;5;2;3;3;3;2;4;3;6;2;2;4;4;3;2;2;52;1;15;3;12;0;0;1;0;0;0;0
7;4;3;6;6;7;5;3;5;6;6;6;4;6;6;7;7;7;7;7;3;5;6;3;3;6;5;5;6;4;5;6;6;6;6;2;4;4;5;5;2;6;6;4;6;6;6;4;6;5;2;4;3;2;5;6;6;4;5;3;5;5;5;5;2;6;6;6;2;4;6;2;3;3;3;5;5;3;5;7;6;5;4;6;6;6;6;6;6;6;7;7;7;5;6;6;6;5;4;3;3;7;6;7;7;5;3;7;7;7;7;5;2;7;4;4;4;4;6;6;6;5;5;5;6;6;6;6;6;6;6;6;7;4;5;4;4;4;5;2;2;6;6;6;4;2;5;2;2;2;4;5;6;6;4;4;6;7;7;7;12;1;90;5;20;0;0;0;0;0;1;0
7;7;7;7;5;7;6;4;7;6;6;7;7;5;7;4;4;6;5;6;7;7;7;7;5;7;6;6;7;5;7;5;4;7;5;7;7;7;7;7;7;7;7;7;1;7;7;7;1;7;7;7;7;7;7;7;1;7;1;7;7;7;1;7;7;1;1;1;1;1;1;1;1;1;1;1;7;7;7;7;7;7;7;7;7;7;7;7;7;7;7;7;7;7;7;7;7;7;7;7;7;7;7;7;7;7;7;7;7;7;7;7;7;7;7;7;7;7;7;7;7;7;7;7;7;7;7;7;7;7;7;7;7;7;7;7;7;7;7;7;7;7;7;7;5;5;5;5;5;5;5;7;7;7;7;7;7;7;7;7;39;1;30;16;12;0;0;1;0;0;0;0
5;5;5;7;5;5;5;6;6;6;6;5;6;6;6;6;6;6;6;6;5;6;6;5;4;5;6;6;6;6;6;5;5;5;4;5;5;6;6;6;6;5;5;6;4;6;6;6;5;6;6;6;6;6;6;5;4;4;4;4;6;6;4;5;6;3;3;3;4;4;3;3;4;3;3;3;5;5;5;7;6;6;6;6;6;6;5;6;6;6;6;5;5;4;5;5;5;6;6;6;6;5;6;6;6;5;5;5;5;5;5;5;6;5;6;6;5;5;5;5;5;5;4;5;5;5;5;4;4;4;5;5;4;4;4;5;4;4;6;4;6;4;4;5;4;3;4;3;3;3;4;6;5;5;5;5;6;6;4;6;54;1;15;20;1;0;0;0;0;0;0;1
5;3;5;6;2;2;2;6;6;5;2;5;5;2;6;7;7;6;6;5;6;2;3;5;3;2;3;5;5;5;6;6;3;4;3;3;5;4;3;4;4;2;3;2;3;4;5;2;3;4;3;3;3;3;2;5;6;4;5;6;3;5;5;6;5;3;5;5;6;3;3;2;5;3;5;4;5;5;5;6;4;3;3;5;5;3;2;5;6;6;6;6;5;6;5;5;3;5;5;3;6;6;3;3;2;6;6;6;5;6;3;2;2;2;3;2;3;2;3;3;3;5;6;3;5;6;5;3;2;3;1;5;2;2;2;1;2;3;2;2;2;4;2;2;2;5;4;4;5;1;5;6;2;6;6;7;5;6;5;2;6;1;56;5;7;0;1;0;0;0;0;0
7;5;5;7;5;6;6;7;6;7;7;7;7;7;7;7;7;7;7;7;4;3;5;4;3;4;5;6;7;6;7;7;7;7;7;6;5;5;5;6;5;4;7;6;2;7;6;5;5;6;5;6;4;6;4;5;5;6;5;5;5;4;3;6;6;2;6;4;2;1;2;1;5;4;6;6;6;6;5;6;7;6;7;7;6;5;5;7;7;7;7;7;7;7;7;7;7;7;6;6;6;7;7;7;5;5;6;5;5;6;5;6;4;6;6;7;7;6;7;6;6;5;5;6;6;5;6;4;3;3;4;4;2;3;3;3;3;4;5;6;6;4;5;2;3;5;3;4;5;4;4;7;6;5;3;3;5;4;3;4;43;1;85;7;15;0;0;0;1;0;0;0
7;7;7;7;5;7;6;4;7;6;6;7;7;5;7;4;4;6;5;6;7;7;7;7;5;7;6;6;7;5;7;5;4;7;5;4;7;7;6;6;7;4;7;6;6;7;7;6;7;6;6;6;6;6;6;7;7;7;7;7;6;6;6;6;6;4;5;2;5;1;2;5;6;6;6;6;6;6;7;7;6;6;6;2;7;6;2;6;6;6;2;6;6;6;6;6;7;5;2;5;5;7;7;7;6;7;7;7;7;5;7;7;2;6;6;6;6;7;7;6;6;6;5;6;6;6;7;6;6;7;7;6;2;5;6;4;4;5;5;6;6;5;6;5;5;5;3;4;4;4;5;7;6;6;4;4;4;6;7;7;38;1;50;15;15;0;0;0;1;0;0;0
7;7;7;7;5;6;6;4;4;7;1;6;6;7;7;5;4;7;6;6;7;6;6;6;7;6;6;6;6;6;7;7;6;7;7;7;7;7;7;7;7;5;5;4;6;7;4;7;7;7;7;7;7;7;7;5;5;4;4;4;7;7;7;7;7;1;4;4;4;4;5;4;7;7;7;7;7;7;7;6;6;6;6;6;6;7;7;7;7;6;4;5;5;5;5;5;5;6;4;4;7;5;5;6;3;7;6;5;5;6;6;6;6;6;7;7;7;7;7;7;7;6;6;6;6;6;6;2;2;2;4;4;3;5;6;5;6;5;4;4;4;6;6;6;5;5;4;5;4;5;4;4;5;5;3;3;4;5;5;5;50;1;10;6;4;1;0;0;0;0;0;0
6;6;6;6;3;6;6;4;4;6;5;6;6;6;5;7;6;7;7;5;6;6;6;5;4;5;4;5;6;4;6;5;6;7;5;5;5;6;6;5;5;5;5;6;3;7;5;6;3;6;6;6;6;6;5;4;4;6;2;4;4;6;3;6;6;4;4;4;3;5;3;2;4;2;3;4;5;5;5;5;5;6;4;4;4;6;5;5;5;5;5;4;4;4;3;4;4;6;5;5;4;4;4;4;5;5;4;4;4;5;4;4;4;4;5;5;5;4;5;5;5;4;4;5;6;5;5;5;6;6;6;6;5;5;6;4;4;5;5;6;5;6;6;5;5;5;4;5;5;5;4;6;5;5;5;6;7;6;6;7;25;1;75;15;2;0;0;0;0;0;0;1
6;6;7;6;6;4;6;6;6;6;1;6;6;1;6;7;7;7;7;7;5;5;6;7;6;6;6;6;7;1;7;7;7;7;6;6;6;6;6;6;6;1;2;2;2;7;7;6;7;7;7;7;7;7;7;1;2;1;2;6;1;7;7;7;7;7;7;1;7;7;1;7;1;7;7;7;7;7;7;7;7;7;1;1;1;2;6;6;7;7;7;1;6;6;6;7;6;7;1;1;6;7;7;7;7;7;7;7;7;7;7;7;2;7;7;7;7;7;7;6;7;7;7;7;7;7;7;7;7;7;7;7;7;7;7;7;7;7;6;6;6;6;6;6;5;5;5;3;3;3;4;7;7;7;1;1;6;1;1;7;20;1;5;6;12;0;0;1;0;0;0;0
7;6;6;5;6;6;5;5;4;5;5;6;6;7;5;7;6;5;5;5;4;4;4;5;5;5;4;4;5;7;7;6;6;7;6;6;5;6;7;5;6;5;5;5;5;7;6;5;6;5;6;6;5;5;5;5;4;5;4;5;7;6;6;6;7;5;3;3;3;2;2;6;6;6;6;5;6;5;6;7;6;6;5;6;6;6;6;7;7;6;7;4;6;5;5;5;5;6;6;6;5;7;5;6;5;6;5;4;4;5;5;6;4;5;5;5;6;6;6;6;5;4;4;5;6;6;6;4;3;5;5;6;5;3;4;4;4;4;6;4;6;5;4;4;5;4;3;5;4;4;4;7;6;6;5;5;6;5;7;6;32;1;50;12;13;0;0;1;0;0;0;0
5;5;4;6;5;7;5;5;5;6;6;6;6;6;5;7;5;6;6;5;5;6;5;6;5;4;5;5;5;5;6;6;5;6;5;6;6;6;6;6;5;5;5;6;2;6;6;6;5;6;6;5;6;5;4;6;5;6;5;6;5;4;4;5;5;2;3;2;3;6;3;3;3;2;2;3;5;6;5;7;6;6;6;6;6;6;5;5;6;6;6;6;6;6;6;6;6;5;5;5;5;6;5;5;4;4;5;5;4;4;4;4;2;4;6;5;5;6;6;6;6;6;5;6;5;5;6;6;5;5;5;5;6;4;5;4;4;6;5;5;5;5;4;3;5;5;5;5;4;5;5;4;5;6;5;6;7;6;4;5;52;1;90;20;7;0;1;0;0;0;0;0
7;5;6;7;5;6;5;3;2;1;3;5;3;4;6;7;7;7;7;6;6;6;5;5;3;6;6;6;6;7;7;7;7;6;6;7;7;7;6;7;7;6;7;7;6;7;6;7;1;7;7;7;7;7;6;4;4;5;4;4;5;7;6;6;6;5;4;1;4;5;5;7;6;5;6;6;3;4;4;6;7;7;6;2;4;6;1;7;7;7;4;1;6;6;5;5;5;7;7;6;7;6;7;6;7;5;6;6;4;5;4;4;6;6;5;4;5;6;5;4;5;6;6;6;6;5;7;5;5;6;6;6;7;2;5;5;5;4;6;5;6;6;6;6;4;4;5;4;3;3;5;3;4;5;3;3;2;3;2;5;28;1;2;12;2;0;0;0;0;0;0;1
7;6;6;6;4;6;7;6;6;7;5;6;6;7;7;7;6;6;7;7;6;6;6;5;6;5;4;6;7;5;6;6;6;6;6;6;6;5;5;5;6;5;5;5;4;5;6;5;3;6;6;6;4;7;7;5;3;4;4;7;6;6;3;5;6;6;6;6;5;4;6;6;6;4;5;4;6;6;6;5;6;6;6;6;5;4;4;5;6;6;7;4;5;5;5;5;6;6;6;6;6;7;7;7;7;7;7;7;6;6;6;6;6;7;6;7;6;4;6;6;6;5;5;6;5;6;6;7;6;6;6;6;6;7;7;7;6;7;3;5;4;6;6;5;3;4;3;4;4;3;5;5;5;6;3;3;4;6;6;6;50;1;35;10;6;0;1;0;0;0;0;0
6;6;4;5;5;2;2;5;5;4;4;6;6;6;6;6;5;5;5;5;4;5;4;5;2;4;3;3;5;3;5;6;5;4;5;5;5;5;5;5;6;5;5;5;3;5;5;5;3;5;5;6;5;5;5;4;2;5;2;4;5;5;6;6;6;3;5;1;2;2;2;4;5;4;5;5;5;5;5;6;5;5;5;5;5;5;4;4;5;5;5;5;5;5;5;5;5;6;5;5;5;5;5;6;6;6;5;5;5;5;5;5;5;5;6;6;6;6;5;5;5;5;5;5;4;4;5;5;5;5;5;5;4;4;4;4;4;4;4;3;5;4;3;2;2;3;3;4;4;1;3;7;5;6;4;4;6;5;5;6;35;1;10;5;6;0;1;0;0;0;0;0
7;7;7;6;2;2;2;5;4;6;2;6;4;6;7;7;7;7;7;7;6;6;6;6;6;6;7;7;6;5;6;6;6;7;6;7;7;7;6;7;7;7;7;7;6;7;6;6;7;6;6;7;5;5;5;2;2;2;2;2;5;5;3;6;6;4;5;3;4;2;4;5;5;5;5;5;3;6;6;6;6;6;6;3;5;5;5;6;6;6;5;6;6;6;6;6;6;7;6;6;6;6;6;6;2;6;6;6;5;3;3;4;5;5;7;7;7;6;6;4;6;6;6;6;6;2;6;6;5;5;6;6;6;5;6;5;5;6;6;5;5;6;6;6;3;2;3;3;3;3;4;7;6;6;7;7;7;7;7;7;25;1;50;25;15;0;0;0;1;0;0;0
7;4;4;5;4;6;5;4;5;6;4;5;5;6;6;7;6;7;6;4;5;4;4;5;2;3;5;7;4;7;6;2;6;7;2;2;1;4;4;3;3;7;6;5;3;6;5;2;5;3;2;3;3;5;3;2;3;5;5;2;4;6;4;6;5;7;5;3;2;1;6;1;3;7;5;6;6;6;6;6;6;4;4;2;6;5;6;6;4;5;6;5;6;6;6;6;6;6;6;4;2;7;6;5;6;4;2;1;2;4;4;2;7;3;6;5;5;4;4;4;4;3;3;3;3;4;5;6;5;5;6;5;5;6;7;6;6;6;6;6;6;6;4;6;4;4;2;4;3;4;4;7;5;2;2;2;4;4;6;5;17;1;20;14;15;0;0;0;1;0;0;0
3;3;4;3;2;1;3;1;2;4;4;5;3;6;3;3;3;4;4;2;2;2;2;3;2;2;2;2;3;4;4;3;2;4;3;2;2;2;2;2;2;3;3;4;3;3;3;2;3;2;2;2;2;2;2;4;3;4;3;4;2;2;4;2;4;2;4;5;5;2;3;3;3;4;3;3;3;3;3;5;5;4;5;2;4;2;2;2;4;2;2;2;2;2;2;2;2;4;4;4;4;2;2;2;2;2;3;2;2;2;4;3;5;2;2;3;2;2;2;2;2;3;3;3;2;3;3;2;2;4;3;4;6;2;2;2;2;2;2;2;2;2;2;2;1;2;1;1;2;1;4;5;2;4;3;4;4;3;4;5;10;1;5;5;6;0;1;0;0;0;0;0
3;5;5;5;4;4;5;5;5;5;5;5;6;7;7;5;6;7;7;7;6;6;5;4;3;4;3;5;6;5;6;5;5;7;5;6;7;7;7;7;7;6;6;6;2;6;6;6;2;6;6;6;7;7;7;6;5;6;5;6;6;6;5;6;6;4;4;5;3;6;3;5;3;3;3;3;5;5;5;5;5;5;5;5;5;5;5;5;5;5;5;5;5;5;5;5;5;5;5;5;5;5;5;5;5;5;5;5;5;5;5;5;5;5;5;5;5;5;5;5;5;5;5;5;5;5;5;3;3;3;3;3;3;2;2;2;2;2;3;5;5;3;2;2;3;5;4;5;5;3;4;6;6;6;6;6;5;6;6;6;70;1;90;5;12;0;0;1;0;0;0;0
7;6;6;6;5;7;6;6;6;7;6;7;7;7;7;6;6;6;7;7;7;7;6;6;6;6;7;6;7;6;7;6;7;6;7;7;7;7;7;7;7;7;6;7;6;7;7;7;7;7;7;7;5;6;7;5;3;6;3;4;7;7;7;7;6;6;6;7;6;4;4;6;6;7;7;7;7;7;6;6;6;6;6;5;6;5;5;6;7;6;6;6;6;6;6;6;6;6;7;7;7;7;7;7;6;6;6;6;5;4;4;6;4;7;7;6;6;4;6;7;7;7;7;7;7;6;7;7;7;6;6;6;7;5;5;4;6;6;7;7;7;6;6;6;4;4;3;4;4;3;4;7;7;6;5;5;5;6;6;6;30;1;25;25;21;0;0;0;0;0;1;0
6;7;6;6;4;7;6;4;5;6;5;7;6;7;6;7;7;7;7;7;7;7;7;7;6;7;6;5;7;7;7;5;7;7;7;7;6;6;6;6;7;6;7;7;2;7;7;6;6;5;5;6;6;6;6;6;3;6;6;6;6;6;6;7;7;2;6;4;5;4;3;4;2;1;1;1;7;7;6;7;6;6;7;6;6;7;7;7;7;7;7;6;6;6;6;6;7;6;6;6;6;7;7;7;7;7;7;6;6;6;6;6;6;5;6;6;6;5;6;6;6;7;7;7;7;7;7;5;6;7;6;6;6;4;4;3;4;4;6;5;5;6;6;5;4;4;4;3;3;5;4;5;6;6;5;5;6;4;5;5;10;1;70;6;12;0;0;1;0;0;0;0
6;6;5;5;4;5;5;5;5;5;4;4;5;5;5;7;7;6;6;5;5;5;5;5;5;5;5;5;6;6;6;6;7;6;6;5;5;5;6;6;5;5;5;5;3;6;5;5;6;4;4;4;5;5;5;5;5;5;5;5;5;5;3;4;4;3;3;6;5;5;4;3;3;3;3;3;5;5;5;5;5;4;5;4;4;4;5;5;5;5;5;5;5;5;5;5;5;5;5;5;5;5;5;5;5;5;5;4;4;4;4;5;4;5;5;5;5;5;5;5;5;5;5;5;5;5;5;5;5;5;5;5;5;5;5;5;5;5;4;5;5;4;5;4;3;5;4;4;4;4;5;5;5;5;3;3;5;4;4;3;32;1;40;8;7;0;1;0;0;0;0;0
7;5;5;6;4;6;4;5;6;5;6;6;6;7;6;7;6;6;6;6;6;5;5;6;6;4;5;6;5;3;7;6;7;7;5;5;3;6;5;6;6;5;6;3;3;7;6;6;6;5;6;6;5;6;5;3;2;3;3;2;5;6;5;6;6;5;7;5;6;2;5;6;6;6;5;5;6;5;4;3;6;5;5;5;4;3;2;6;5;6;4;2;6;5;6;5;5;5;6;5;6;3;4;3;2;3;6;6;5;4;6;5;3;6;6;4;5;2;2;3;2;5;4;3;5;6;2;5;5;6;4;5;5;4;5;4;2;4;3;4;5;3;4;2;2;4;3;4;5;2;5;3;4;3;4;2;5;2;3;5;17;1;30;10;21;0;0;0;0;0;1;0
7;7;7;7;5;7;5;7;6;7;4;7;6;6;7;6;6;7;7;7;7;6;7;6;3;6;6;6;7;6;7;7;6;5;7;6;7;7;6;7;6;4;4;6;4;6;6;7;4;7;7;6;6;5;6;6;5;5;3;5;4;5;5;6;6;6;7;5;7;7;6;7;7;6;7;7;7;6;6;7;6;6;6;6;6;6;5;6;7;5;6;6;6;6;6;6;6;6;6;6;6;6;6;6;6;6;6;7;5;4;7;7;5;5;6;6;6;6;6;6;6;6;6;6;6;6;6;7;6;6;7;7;7;5;5;5;5;4;5;5;5;6;5;5;5;4;3;5;5;3;5;6;6;6;3;4;4;6;6;6;8;1;80;12;15;0;0;0;1;0;0;0
7;6;6;6;5;6;5;4;4;7;4;6;5;4;5;7;6;5;6;5;7;6;6;5;4;6;6;5;6;6;7;7;7;7;6;6;5;6;6;6;6;6;5;6;4;7;6;6;7;6;6;6;6;5;6;6;3;6;3;6;6;6;7;6;5;2;3;6;3;2;3;2;3;2;3;2;6;5;6;6;6;5;5;4;5;5;6;4;6;6;5;5;5;6;6;4;5;6;5;5;4;6;5;6;5;6;5;5;6;5;6;5;4;5;6;5;5;5;5;7;5;6;5;6;5;6;6;5;6;6;5;5;6;5;6;6;6;5;6;6;5;5;6;6;4;4;3;4;4;4;1;6;5;6;6;5;6;6;5;6;25;1;20;20;6;0;1;0;0;0;0;0
7;7;7;7;5;7;7;7;7;7;7;7;6;7;6;7;7;7;7;7;7;7;7;7;7;1;7;7;7;7;7;7;7;7;7;7;7;7;7;7;7;7;5;6;5;7;7;6;1;6;6;7;6;7;7;1;1;7;1;1;1;6;1;7;7;4;7;4;1;1;1;7;7;7;7;7;7;7;7;7;7;7;7;7;7;7;7;7;7;7;7;7;7;7;7;7;7;7;7;7;7;7;7;7;4;7;7;7;6;6;7;7;7;7;7;7;7;7;7;7;7;7;7;7;7;7;7;6;7;7;7;7;7;6;6;7;6;6;7;7;7;7;7;7;3;5;3;5;5;3;3;7;7;3;3;5;4;6;5;7;25;1;15;5;21;0;0;0;0;0;1;0
5;6;6;6;5;6;5;6;6;4;5;5;6;6;6;5;3;3;5;5;5;3;4;4;5;5;5;3;5;5;6;4;6;7;4;6;6;7;7;7;6;6;6;6;3;6;6;6;7;6;5;6;5;6;5;6;6;6;6;6;7;7;7;7;7;4;6;6;6;2;5;5;6;6;6;6;6;6;6;6;6;6;6;6;6;4;4;4;5;5;5;5;5;3;4;4;4;5;6;5;4;4;4;4;4;4;4;4;4;4;4;4;4;4;6;5;5;5;5;5;5;4;3;3;3;3;3;3;3;4;4;4;4;2;3;2;2;2;4;4;4;4;4;4;3;3;3;3;3;3;4;5;3;4;5;5;5;5;5;5;35;1;90;15;2;0;0;0;0;0;0;1
7;5;3;5;3;5;5;5;4;7;4;5;6;6;5;3;4;3;3;3;5;5;5;4;5;3;3;4;3;4;4;3;5;3;5;4;3;5;5;4;3;3;4;3;6;4;4;3;6;3;2;3;3;4;3;3;5;4;4;3;5;5;5;5;3;4;4;4;5;6;5;5;3;5;5;3;3;3;2;4;4;3;4;5;4;5;5;5;5;3;3;3;4;3;4;5;5;3;4;4;3;3;5;6;3;4;5;5;6;4;3;5;3;6;4;4;3;4;5;5;5;4;4;5;5;5;5;4;3;4;5;5;5;3;5;3;5;4;3;2;4;3;4;3;3;2;2;3;2;2;4;3;5;3;3;3;4;4;2;3;27;1;30;6;3;1;0;0;0;0;0;0
5;6;5;7;4;3;4;6;5;6;7;7;7;7;6;6;7;7;7;7;6;5;5;5;2;5;5;5;7;4;7;7;7;7;7;7;7;6;7;6;7;7;6;7;1;7;7;2;4;4;4;4;5;5;5;1;1;1;2;1;6;7;7;7;7;7;1;1;6;1;5;7;6;7;7;7;7;7;7;7;7;7;4;7;6;7;7;7;7;1;7;1;1;4;4;5;5;7;7;7;7;6;6;7;6;6;6;1;1;3;6;7;7;5;7;7;7;5;7;6;7;3;6;7;3;5;6;4;4;4;4;4;4;3;4;4;3;3;5;5;3;4;2;4;2;3;2;3;3;2;3;7;7;6;1;4;7;2;6;6;25;1;25;10;12;0;0;1;0;0;0;0
7;7;4;5;2;6;6;7;7;5;3;3;4;7;6;5;3;3;3;2;7;5;6;7;4;5;7;7;7;6;7;3;7;7;6;6;7;7;7;7;7;4;5;3;6;7;7;7;1;7;7;7;4;7;7;3;5;5;2;5;4;3;7;7;7;4;2;1;3;7;4;2;1;1;1;3;5;4;3;6;5;4;7;7;7;6;5;7;5;5;7;7;5;7;7;7;7;5;5;4;3;3;7;6;4;5;4;7;6;5;7;7;2;7;5;4;3;2;7;5;6;6;5;7;6;7;7;4;5;6;6;3;5;7;7;7;7;5;7;3;5;7;7;7;5;5;3;5;5;5;3;7;7;3;3;4;3;5;2;3;10;1;22;8;1;0;0;0;0;0;0;1
7;7;6;5;5;2;7;3;6;6;4;6;6;7;6;6;6;6;6;6;3;5;6;3;5;3;6;3;6;4;6;7;6;7;7;4;6;6;5;5;6;5;6;5;2;7;6;7;7;6;6;6;5;6;6;1;6;6;1;6;7;7;5;7;7;4;6;4;3;7;6;1;7;7;7;7;7;7;7;7;7;7;5;5;7;5;5;3;7;7;5;5;5;6;5;6;6;6;6;6;7;5;3;3;4;6;6;6;4;6;6;7;4;7;6;6;6;6;6;5;6;5;5;6;6;6;6;5;5;6;6;6;6;2;5;2;4;2;3;3;3;3;6;3;3;3;4;2;3;3;3;2;4;2;2;2;5;1;1;2;18;1;3;10;21;0;0;0;0;0;1;0
7;5;5;6;4;5;6;7;5;6;4;6;5;7;6;7;7;6;7;6;3;4;5;6;7;6;2;3;2;5;6;3;4;6;2;4;3;2;2;3;4;2;3;2;3;5;3;2;2;2;1;2;6;3;6;6;7;6;7;6;6;7;3;5;2;7;6;6;7;3;7;5;5;4;3;3;3;4;3;7;6;6;2;3;2;6;7;7;6;7;7;2;3;5;3;2;3;5;4;4;6;6;5;6;3;4;4;1;2;1;4;5;6;2;4;3;4;6;3;3;2;2;4;4;3;2;2;6;4;6;6;6;7;1;2;2;2;2;5;3;4;6;4;6;5;3;4;4;3;4;4;6;3;6;4;4;6;6;7;4;25;1;20;4;21;0;0;0;0;0;1;0
5;3;6;5;3;4;3;5;4;5;5;5;4;6;6;6;5;6;6;5;6;6;5;6;5;5;5;5;5;5;6;6;6;6;5;5;5;5;5;5;6;3;4;4;2;6;5;5;6;5;4;5;4;5;5;5;5;3;5;4;5;5;5;5;6;3;3;2;3;3;3;3;5;5;5;5;5;5;6;3;5;7;6;6;3;4;2;3;6;6;3;6;6;2;3;3;3;6;6;6;6;2;3;5;5;6;6;3;5;6;6;4;6;6;5;5;5;4;4;5;5;6;5;4;6;6;7;6;6;6;6;6;5;3;3;3;3;3;4;4;4;2;2;3;4;3;3;4;3;4;5;6;6;6;6;6;6;6;6;6;12;1;28;5;6;0;1;0;0;0;0;0
6;6;5;5;4;6;6;7;6;6;5;6;4;6;6;7;6;6;7;7;7;6;6;6;5;5;6;7;6;5;6;6;6;6;5;4;4;3;3;3;4;4;3;3;6;6;3;4;4;3;3;4;4;6;5;4;4;6;2;5;6;5;5;4;5;1;2;2;4;2;2;4;3;2;2;3;5;5;6;6;6;7;5;7;7;5;4;5;6;6;5;5;5;5;6;6;6;6;6;6;6;6;7;6;6;5;6;6;5;4;5;5;6;4;6;6;6;5;5;5;5;6;4;5;5;5;5;5;5;5;5;6;5;3;4;3;3;3;6;6;6;5;6;6;5;5;5;5;5;5;6;4;3;2;2;2;2;2;2;3;140;1;55;300;6;0;1;0;0;0;0;0
7;4;6;7;7;5;7;4;6;6;4;5;6;6;6;5;5;6;4;4;5;6;6;5;6;6;5;5;6;6;7;6;7;6;6;6;5;7;6;6;7;6;6;7;2;5;6;6;3;4;6;5;6;6;5;6;2;5;2;6;6;5;2;6;6;2;1;2;1;2;1;2;1;2;1;2;5;6;6;6;6;5;6;5;6;6;7;6;5;6;6;6;5;6;6;7;6;5;6;5;7;5;6;6;5;7;6;6;7;6;6;5;6;5;6;6;6;6;5;6;7;6;5;6;6;5;6;6;7;6;6;7;6;6;7;7;5;6;6;5;6;6;7;6;4;5;4;5;5;4;3;5;6;5;6;6;6;5;6;6;30;1;50;10;6;0;1;0;0;0;0;0
6;7;5;6;4;4;4;5;5;6;5;5;6;6;6;6;6;6;6;6;5;6;6;5;6;5;6;5;5;6;4;6;5;7;7;6;6;6;5;7;5;6;6;7;2;5;6;6;6;5;6;6;6;5;6;6;4;5;6;6;5;3;6;3;3;5;6;6;5;1;2;6;6;3;6;5;4;6;5;5;6;6;4;2;4;6;3;3;7;3;5;3;5;3;4;5;3;5;6;5;5;4;4;5;2;5;5;3;5;5;2;6;5;4;5;5;6;5;4;5;5;4;3;5;5;5;4;6;6;6;5;6;6;5;6;3;5;5;4;6;6;5;5;4;4;5;4;5;3;4;5;5;3;4;5;5;6;6;5;6;60;1;50;50;21;0;0;0;0;0;1;0
4;5;7;7;7;2;1;6;4;7;7;5;5;7;7;7;7;7;7;7;4;4;4;7;4;4;4;4;7;7;7;7;5;6;6;7;7;7;7;7;7;5;5;4;4;7;7;7;7;7;7;7;7;7;4;7;7;7;7;7;7;7;7;7;7;4;1;7;4;4;7;1;1;1;1;1;7;7;7;7;7;7;7;7;7;5;4;7;7;7;7;6;6;7;7;7;7;7;7;7;4;7;7;7;7;7;7;4;4;1;7;7;7;4;7;7;7;7;7;7;7;7;7;7;7;7;7;2;2;2;2;2;2;1;1;1;1;1;3;3;7;3;2;1;3;4;3;4;4;3;6;7;7;7;7;7;2;2;1;3;5;1;75;10;6;0;1;0;0;0;0;0
7;5;6;7;5;6;6;7;7;6;6;6;6;6;7;7;7;7;7;6;6;6;5;5;5;6;5;6;6;6;6;4;5;7;5;6;6;6;4;5;6;6;6;6;2;5;6;5;5;5;5;5;3;5;5;6;5;5;2;4;5;5;3;5;5;6;5;6;6;3;4;3;3;5;4;3;5;5;6;7;6;4;5;5;5;5;5;6;6;6;5;6;6;6;5;5;5;6;6;7;6;6;6;7;6;6;6;4;4;4;6;6;6;5;6;6;6;6;6;6;6;5;5;6;5;5;6;3;5;5;5;5;6;3;5;4;4;6;5;3;3;5;4;5;4;4;3;5;4;4;4;5;5;6;5;6;6;5;6;7;25;1;80;25;15;0;0;0;1;0;0;0
6;5;3;5;2;5;2;4;3;5;4;5;4;3;3;1;2;1;2;2;5;4;5;4;5;3;5;5;5;5;5;3;4;6;3;3;2;2;5;3;2;5;5;5;5;6;2;5;6;5;5;5;3;3;3;2;6;3;6;3;6;5;3;5;3;5;6;5;5;4;5;2;3;5;4;3;3;2;2;5;3;3;5;4;3;3;3;5;4;4;5;4;5;5;6;6;6;3;5;5;5;5;6;4;3;4;5;3;5;5;5;4;5;5;5;5;4;4;3;4;4;3;3;3;4;5;3;3;3;5;5;5;5;2;1;1;1;3;4;4;4;5;5;5;5;5;2;5;5;3;5;4;3;2;2;5;5;2;2;6;82;1;70;20;2;0;0;0;0;0;0;1
5;6;6;7;7;6;4;6;5;6;6;6;6;5;6;7;7;7;7;7;7;7;7;7;7;7;7;7;7;7;7;7;7;7;7;7;7;7;7;7;7;6;6;5;1;7;7;7;2;6;6;6;5;6;6;2;1;2;1;3;6;6;4;6;7;5;2;5;3;3;2;2;2;2;2;2;6;6;6;6;7;7;7;7;7;7;5;6;6;6;6;6;6;6;6;6;6;6;6;6;6;7;7;7;7;7;6;6;6;6;6;6;6;6;6;6;6;5;6;6;6;7;7;7;7;7;7;5;5;5;5;5;5;5;6;5;5;5;6;6;6;6;6;6;5;5;5;4;4;4;5;6;6;6;5;5;6;4;6;5;17;1;60;10;12;0;0;1;0;0;0;0
7;4;5;6;6;6;6;6;5;5;5;6;6;6;7;6;7;6;5;7;6;6;7;7;4;5;6;6;6;6;6;4;6;7;4;5;6;6;6;5;6;6;6;6;4;6;5;6;2;6;6;6;7;5;7;5;1;5;2;5;6;6;4;6;6;2;2;3;5;5;3;3;1;2;2;2;6;6;7;7;6;6;6;6;6;7;7;7;6;6;6;5;6;6;6;6;6;6;6;6;5;6;6;6;6;6;5;6;6;4;2;6;5;2;6;5;6;5;3;4;3;5;6;5;4;4;5;7;7;7;7;7;6;7;7;7;7;7;7;6;6;7;7;7;5;3;4;5;4;4;5;6;6;6;3;4;5;5;5;5;37;1;80;20;3;1;0;0;0;0;0;0
7;3;7;7;4;7;7;7;7;7;7;7;7;7;7;7;5;7;7;7;6;7;7;6;7;7;7;7;6;2;7;7;7;7;7;7;7;7;7;7;7;2;7;7;1;7;7;4;7;7;7;7;7;7;7;6;7;7;7;7;7;7;7;7;7;2;7;1;2;1;1;7;7;7;7;7;7;7;7;7;7;1;7;7;7;7;7;7;7;7;7;7;7;7;7;7;7;7;7;7;7;7;7;7;7;7;7;7;7;7;7;7;7;7;7;7;7;7;7;7;7;7;7;7;7;7;7;7;7;7;7;7;7;6;6;6;6;6;6;6;6;6;6;6;5;5;5;5;5;5;4;7;7;7;2;5;7;4;6;7;6;1;100;40;15;0;0;0;1;0;0;0
5;6;5;5;4;5;6;5;4;5;5;5;5;5;5;6;6;6;6;5;5;5;5;5;5;5;5;5;5;5;5;6;6;6;6;5;5;5;5;5;5;6;6;6;3;6;6;5;5;5;5;5;5;5;6;4;3;4;3;4;4;5;3;5;4;3;3;4;3;3;4;3;3;3;3;3;5;5;5;6;6;4;5;5;5;5;3;5;5;5;6;5;5;5;5;5;5;5;5;5;5;5;5;5;4;5;5;5;5;5;5;5;5;5;5;5;5;4;5;5;5;5;5;5;5;5;5;5;5;5;5;5;5;5;5;4;5;5;5;5;5;4;5;5;4;4;4;5;4;4;3;6;5;5;5;5;5;5;6;5;12;1;60;8;6;0;1;0;0;0;0;0
6;4;4;5;5;5;4;5;5;5;3;6;5;6;6;6;6;6;6;6;4;4;4;5;5;4;4;4;5;3;2;5;5;5;5;3;5;4;5;6;6;5;6;6;4;6;6;5;6;5;6;6;6;6;5;6;6;6;6;6;7;7;4;6;7;3;2;3;2;2;3;6;5;6;5;5;6;6;6;6;5;5;7;2;6;5;5;5;7;7;7;5;5;3;6;6;6;6;5;6;5;6;7;6;5;5;5;4;3;4;2;4;5;4;7;7;7;4;5;3;3;5;5;6;3;3;5;3;3;3;5;5;5;2;3;3;3;3;5;5;5;4;5;2;5;5;3;5;3;4;5;6;5;5;4;4;3;3;5;5;30;1;25;28;2;0;0;0;0;0;0;1
7;3;4;6;7;7;2;4;2;7;7;7;7;7;7;7;7;5;7;3;3;3;4;7;7;7;4;4;5;7;7;5;2;7;7;7;7;7;5;5;7;6;7;6;6;7;7;7;7;7;6;7;7;5;7;2;1;2;1;2;7;7;6;7;7;1;6;6;1;6;1;5;1;1;1;3;7;7;7;7;7;7;7;7;5;7;7;7;7;3;5;7;7;7;7;7;7;6;6;5;7;7;5;5;7;7;5;7;7;6;4;7;7;7;7;7;7;7;7;7;7;7;7;7;7;7;7;5;2;2;5;5;2;7;7;7;7;7;7;1;5;7;7;3;4;1;5;4;1;4;3;5;1;1;2;2;7;2;2;2;10;1;95;10;15;0;0;0;1;0;0;0
5;4;2;3;1;1;2;4;2;2;4;2;5;4;4;5;6;6;6;4;1;1;1;1;1;1;1;1;2;1;4;1;1;7;1;1;2;4;5;2;5;3;5;4;4;3;5;3;6;4;4;4;3;3;3;2;6;4;4;2;4;4;5;6;7;5;5;5;4;3;2;2;2;4;4;5;5;3;2;4;4;5;5;3;5;2;3;3;1;3;4;5;5;5;5;5;5;5;5;5;5;3;4;4;3;5;4;3;3;3;3;3;5;2;4;5;5;5;4;3;4;5;5;4;4;4;3;2;4;3;2;3;1;1;1;1;1;1;6;6;4;3;4;4;1;4;1;4;4;3;3;2;2;2;3;5;5;3;5;5;3;1;10;7;13;0;0;1;0;0;0;0
7;6;6;7;6;6;6;6;6;6;6;5;5;6;6;6;6;6;6;5;2;3;2;3;3;2;3;3;6;5;6;5;6;5;5;5;5;6;6;6;6;5;6;6;3;6;6;6;2;6;6;6;6;6;5;6;6;2;6;6;6;5;4;6;5;6;5;4;4;4;4;4;5;4;5;5;6;6;5;4;6;6;6;6;6;6;6;6;6;6;6;6;6;6;6;6;6;6;5;5;6;6;5;6;5;6;5;6;6;5;5;6;6;5;6;6;6;6;5;6;5;4;4;6;5;5;5;5;6;6;6;6;6;4;5;5;5;5;4;4;4;4;4;4;2;1;3;3;3;3;4;6;6;6;5;5;6;5;6;6;55;1;30;10;1;0;0;0;0;0;0;1
7;5;6;6;6;6;6;5;6;6;2;5;5;1;6;7;7;7;7;7;6;6;6;5;5;5;5;5;6;2;5;7;6;7;7;7;6;6;6;6;7;7;5;2;6;6;6;6;6;6;6;7;6;5;5;6;6;5;3;2;5;6;6;6;7;1;5;2;2;1;2;3;5;5;5;5;7;7;7;7;7;7;6;6;6;6;6;5;5;5;5;6;6;5;5;5;6;6;5;5;5;6;6;6;6;5;6;5;5;7;7;7;7;6;6;6;6;6;6;6;6;6;5;6;6;6;6;7;7;7;6;7;6;3;3;3;6;4;5;5;5;4;4;3;3;4;4;3;3;2;4;7;7;5;6;6;7;7;7;7;21;1;40;5;21;0;0;0;0;0;1;0
6;6;7;6;5;6;5;6;5;7;7;7;6;6;5;7;6;5;6;6;7;7;7;6;5;6;6;6;7;5;6;7;7;7;6;7;7;7;6;7;5;6;6;7;2;7;7;6;5;7;6;5;6;5;6;3;1;7;5;3;5;6;6;6;6;1;5;2;2;3;3;7;6;7;7;7;7;6;6;6;7;6;6;4;6;6;5;6;5;5;5;6;6;6;6;6;6;6;6;7;6;6;7;6;6;6;6;5;5;5;6;6;7;6;7;7;7;6;7;7;6;7;6;6;6;6;6;7;6;6;6;6;6;5;5;5;5;5;6;7;7;6;5;5;5;4;4;4;4;4;4;7;7;7;7;7;5;7;7;7;100;1;30;10;6;0;1;0;0;0;0;0
6;3;4;6;4;3;4;5;5;5;3;5;5;5;5;6;6;6;6;6;3;3;3;3;3;3;3;3;5;4;5;5;5;7;7;6;6;6;6;6;6;6;6;6;2;6;6;5;6;6;6;6;4;4;4;2;5;2;2;2;4;5;6;5;5;5;6;3;5;6;5;4;6;6;6;6;2;2;2;6;6;6;6;6;6;1;1;5;6;6;6;2;2;2;5;6;6;6;6;6;6;3;6;6;6;6;5;6;5;5;5;6;6;6;6;6;6;6;6;6;6;6;6;6;6;6;6;2;2;2;2;2;2;3;4;3;4;4;4;4;4;4;3;3;3;3;3;3;3;3;4;3;5;2;2;2;5;2;2;2;49;1;90;8;6;0;1;0;0;0;0;0
7;7;6;7;6;7;7;4;6;7;4;4;6;7;7;7;6;7;6;6;6;6;6;7;4;7;6;6;7;7;6;7;7;7;7;6;6;7;7;7;6;6;5;6;1;7;7;6;5;7;7;7;6;7;7;7;2;7;1;7;7;6;2;7;7;1;4;1;2;2;1;4;4;5;7;7;7;6;7;7;7;6;6;7;7;7;7;6;7;7;7;7;7;7;7;7;6;7;7;6;7;6;6;7;7;7;7;6;6;6;6;7;7;7;7;7;7;7;7;7;6;6;6;7;6;7;7;6;6;6;6;7;7;6;6;7;7;7;7;7;7;7;7;7;5;4;5;5;5;5;4;7;7;7;5;5;3;3;3;6;20;1;40;10;3;1;0;0;0;0;0;0
7;7;7;5;7;7;7;5;5;7;7;7;7;7;7;5;6;6;6;5;5;5;5;5;5;5;5;5;6;5;6;4;6;7;5;7;7;7;7;7;7;6;6;6;5;7;7;6;6;6;6;6;5;5;5;7;7;7;7;6;5;6;6;6;7;5;4;5;5;5;5;6;4;3;2;2;7;6;6;7;7;6;6;6;6;5;5;4;7;7;7;4;6;6;5;5;5;5;5;5;5;6;6;6;6;5;5;7;7;7;5;7;3;7;6;5;6;6;6;6;6;6;5;5;5;5;5;7;7;7;7;7;7;5;6;5;6;6;7;7;7;7;7;6;5;5;5;5;5;5;4;7;7;6;5;5;7;6;7;6;25;1;10;6;1;0;0;0;0;0;0;1
7;6;4;5;3;5;2;6;5;6;4;3;4;6;6;7;6;6;6;3;5;4;5;5;3;3;6;6;3;6;6;3;5;6;3;3;6;6;6;6;4;6;7;6;1;7;7;5;5;6;6;6;6;6;4;6;4;5;3;3;7;6;6;7;7;6;6;6;4;2;6;3;6;6;6;5;6;5;6;6;6;7;6;3;6;5;2;4;4;3;5;5;3;5;6;6;6;7;6;6;7;6;6;7;4;6;6;5;5;6;3;6;6;2;6;6;6;5;2;4;5;5;4;2;5;6;6;6;7;7;7;7;7;3;3;3;5;3;6;4;4;6;5;5;5;5;4;5;3;4;3;7;2;2;5;6;2;2;3;5;15;1;80;6;7;0;1;0;0;0;0;0
7;7;6;6;2;6;5;3;3;5;5;6;4;7;5;5;3;6;6;6;6;7;7;6;7;6;7;6;6;5;6;6;4;5;5;5;6;6;6;6;6;5;6;7;3;7;6;6;7;5;5;6;6;6;6;2;2;3;3;2;5;6;5;5;6;5;7;6;7;2;3;6;5;6;4;5;6;6;7;6;6;6;6;5;6;5;2;5;6;6;6;6;5;5;6;6;6;6;4;3;4;5;6;6;3;6;7;5;3;1;3;6;2;7;6;6;6;6;5;4;6;5;4;6;6;6;6;5;6;6;5;5;6;3;5;4;3;4;4;5;4;5;6;4;5;4;4;5;4;4;5;6;3;4;2;1;4;5;4;5;70;1;65;300;2;0;0;0;0;0;0;1
7;6;5;7;5;6;5;7;6;7;7;7;7;7;7;7;6;6;7;6;5;6;6;6;5;5;4;5;6;5;7;7;5;7;4;5;6;6;6;6;6;6;6;6;3;7;6;6;4;5;6;6;4;4;4;4;2;6;5;3;6;6;5;6;6;6;7;4;1;1;4;4;4;4;4;5;5;4;5;6;7;5;3;4;5;5;3;5;5;5;5;5;5;5;4;4;5;3;4;4;5;6;6;6;5;5;5;3;3;4;3;5;5;4;5;4;4;3;4;3;3;5;5;4;4;5;4;5;5;6;5;6;5;3;4;3;3;3;5;4;6;4;4;4;3;2;3;5;3;3;4;4;5;4;3;3;5;2;4;5;40;1;95;14;2;0;0;0;0;0;0;1
5;4;3;4;2;3;5;6;4;4;5;6;6;6;6;5;3;7;7;3;5;4;5;5;5;6;5;4;6;6;6;4;6;4;3;4;3;4;5;5;5;2;2;4;4;6;4;4;5;5;4;5;4;3;3;5;5;5;4;5;4;6;5;6;5;2;3;5;3;2;5;6;4;2;3;3;6;6;7;6;5;5;6;3;5;6;3;3;6;6;7;3;5;3;4;5;6;6;5;5;5;6;4;3;3;3;4;6;6;6;5;6;5;6;6;6;6;3;3;4;4;3;3;3;4;4;3;5;6;6;5;5;6;4;3;4;5;5;4;5;4;5;4;5;2;3;4;3;3;3;3;6;5;4;4;6;6;6;3;5;30;1;30;15;15;0;0;0;1;0;0;0
4;4;4;5;3;3;2;6;6;6;5;5;6;5;5;6;5;5;6;6;5;5;5;5;4;5;3;5;6;6;6;6;6;5;6;6;6;6;6;6;6;4;3;3;5;6;3;6;2;6;6;6;5;5;5;3;2;3;3;3;5;6;6;6;6;3;6;5;3;3;2;6;6;6;6;6;6;6;6;6;6;3;6;6;6;2;3;4;5;5;5;6;6;6;6;6;6;6;6;6;6;6;6;6;5;6;6;3;3;3;3;5;5;5;6;6;6;6;6;6;6;6;4;6;6;6;6;5;5;5;5;5;5;2;2;3;2;3;5;5;5;4;4;4;3;5;4;3;2;2;3;6;6;6;5;5;6;5;6;5;48;1;95;5;14;0;0;0;1;0;0;0
6;5;6;6;4;3;3;6;6;6;5;6;6;6;6;7;6;6;6;7;6;5;6;6;5;6;6;5;5;4;6;6;4;6;5;6;6;6;5;6;5;4;5;6;2;7;6;6;5;6;5;6;4;5;5;6;5;5;4;6;6;6;5;6;6;6;5;2;4;5;6;2;6;6;5;6;6;6;5;6;6;6;6;6;5;5;6;6;7;6;6;6;5;6;5;6;6;6;6;5;6;6;5;6;5;6;6;6;6;3;6;6;6;5;6;5;6;5;6;6;6;6;6;6;5;6;6;5;6;6;6;6;5;3;4;3;5;3;6;5;6;4;3;3;2;3;3;2;3;4;4;6;5;6;6;6;5;6;5;6;34;1;85;8;1;0;0;0;0;0;0;1
6;6;5;5;3;5;4;5;6;6;5;6;6;6;5;2;2;3;2;5;6;6;6;6;3;3;4;4;6;6;7;5;5;7;5;6;6;6;6;6;7;6;6;6;6;5;6;6;6;5;6;7;5;5;4;5;3;3;2;5;7;6;3;6;5;6;2;2;6;3;3;5;2;2;2;2;6;5;5;7;5;6;5;5;5;2;3;3;7;7;5;6;5;5;3;4;5;6;5;7;6;5;6;4;1;3;5;5;4;4;4;4;7;6;6;5;4;1;5;5;6;6;5;5;5;4;4;6;4;6;5;5;6;6;7;4;5;3;4;4;4;5;6;4;5;4;3;5;5;5;3;7;5;6;4;6;5;6;7;4;8;1;100;5;20;0;0;0;0;0;1;0
5;3;3;4;3;2;1;4;2;4;3;3;4;3;3;6;6;6;6;6;2;2;2;2;1;1;1;1;4;5;2;1;4;7;2;5;4;4;3;3;2;3;2;5;3;5;5;5;4;4;2;3;2;3;1;2;2;2;3;2;4;4;3;4;5;5;7;5;5;1;6;3;2;3;5;4;4;4;4;6;6;5;4;2;3;2;2;2;6;2;2;1;1;1;1;1;1;7;6;6;5;3;3;1;2;5;6;2;2;2;2;6;7;1;5;6;6;3;2;2;2;2;2;2;3;2;3;5;4;2;2;5;5;1;1;1;1;1;2;2;2;1;1;1;1;5;5;2;2;2;5;2;2;2;5;6;6;2;5;2;50;1;50;8;15;0;0;0;1;0;0;0
7;4;5;5;2;4;5;5;4;5;5;5;5;6;6;6;6;6;6;6;4;4;4;5;5;4;3;3;5;3;4;5;6;4;5;6;6;6;6;5;5;4;4;4;5;6;6;5;6;5;5;5;5;5;5;3;2;4;3;3;4;5;5;4;6;4;4;3;3;3;3;4;4;4;5;5;5;5;5;6;6;6;4;4;5;4;4;4;6;5;4;4;4;4;5;5;4;6;5;5;6;5;6;6;4;5;6;5;5;5;5;5;5;5;6;6;6;6;6;5;5;5;5;5;5;5;5;4;4;4;4;4;4;4;4;4;4;4;4;4;4;4;4;4;3;3;4;2;3;4;3;5;4;4;4;5;5;4;4;3;51;1;100;11;7;0;1;0;0;0;0;0
7;7;7;7;7;7;7;7;7;5;7;7;6;7;7;7;7;7;6;4;7;7;7;7;5;7;4;6;6;1;7;5;7;7;2;2;6;7;5;7;7;5;7;1;1;7;7;6;7;7;7;7;7;5;7;7;4;6;6;7;6;3;5;4;7;4;1;1;6;6;5;2;7;7;7;7;7;6;5;7;7;7;7;7;7;7;7;7;7;7;7;7;7;6;5;7;7;7;7;6;3;7;7;7;7;3;2;7;7;2;7;4;4;7;5;7;6;7;7;7;7;7;7;7;7;7;7;7;7;7;7;7;7;3;7;1;7;5;5;5;7;5;7;7;3;5;4;5;5;5;4;6;7;7;2;2;5;2;1;7;31;1;40;3;19;0;0;0;0;1;0;0
5;5;5;6;5;6;5;6;6;7;6;7;7;7;7;7;7;7;7;7;6;5;5;5;5;5;5;4;7;7;7;7;7;7;7;5;5;6;6;6;6;4;5;5;4;6;6;6;5;5;5;5;5;6;5;6;7;7;7;7;7;5;6;6;5;2;7;6;5;6;6;4;5;6;5;5;5;5;6;6;6;6;5;6;5;6;5;5;5;5;5;5;5;5;5;5;5;7;7;7;7;7;7;7;7;6;6;4;4;5;5;5;6;5;7;7;7;6;6;6;6;5;5;5;5;5;5;5;5;5;5;5;5;4;5;4;4;4;5;6;6;6;6;6;5;5;5;5;5;5;5;7;7;6;6;6;5;6;7;6;7;2;70;50;17;0;0;0;0;1;0;0
7;4;6;7;7;7;7;7;6;6;6;7;6;7;7;5;5;6;5;5;6;7;7;7;7;7;7;6;7;5;6;7;7;6;7;6;6;6;6;6;6;6;6;6;1;7;7;6;2;6;6;6;6;7;7;5;3;5;2;5;7;7;2;7;7;5;7;6;6;6;6;6;6;6;6;7;6;6;6;6;6;6;6;6;6;7;7;7;7;7;7;6;6;7;7;7;7;6;6;6;6;6;7;7;6;6;6;7;6;5;6;7;7;7;7;6;6;3;7;7;7;7;7;7;7;6;6;7;7;7;7;7;7;7;7;7;7;7;7;7;7;7;7;7;3;3;2;4;4;3;3;7;6;7;6;6;5;6;6;6;12;2;100;9;24;0;0;0;0;0;0;1
6;5;5;7;7;7;4;6;6;5;4;5;5;7;6;6;6;6;6;6;4;4;7;6;6;4;4;6;6;7;7;7;6;7;7;6;6;6;5;6;6;7;7;7;2;6;7;6;6;6;5;6;7;6;6;7;6;7;2;6;7;6;6;6;7;2;6;6;1;1;7;7;7;6;6;6;7;7;7;7;7;7;6;6;6;7;7;7;6;6;6;7;7;7;6;7;7;6;7;7;7;6;6;6;5;5;7;1;3;1;3;3;6;3;6;7;7;6;6;6;6;5;5;5;6;5;6;3;3;3;5;3;3;2;5;2;2;2;2;2;6;3;3;3;3;4;4;4;3;3;4;6;1;2;2;2;6;2;2;7;5;2;70;10;20;0;0;0;0;0;1;0
6;6;5;5;7;7;7;2;7;6;6;6;5;6;6;4;4;3;5;4;4;4;5;5;5;5;4;5;5;5;4;3;5;5;3;6;5;6;5;5;5;6;5;5;2;5;5;5;5;5;5;5;5;5;5;6;3;6;3;6;5;5;2;5;5;3;3;4;3;3;2;3;2;3;2;3;5;5;5;4;5;4;4;5;5;5;5;4;5;6;4;5;6;5;4;3;4;4;5;5;4;4;5;4;5;4;5;5;5;4;4;5;4;5;5;5;5;4;4;4;4;4;4;5;5;4;4;6;6;6;7;7;7;7;7;7;6;6;6;6;6;6;6;6;4;4;4;3;3;4;3;6;6;5;5;5;3;3;5;5;5;2;100;5;1;0;0;0;0;0;0;1
7;5;6;6;7;6;3;6;4;6;4;6;6;4;4;7;7;5;5;5;4;4;4;5;1;6;5;5;5;4;6;6;7;7;5;4;3;4;3;4;4;6;6;6;1;6;6;5;4;4;4;4;5;5;4;7;6;6;5;6;7;6;2;6;4;6;7;7;7;4;7;5;5;6;6;6;7;7;7;7;7;5;4;5;4;3;4;5;6;5;6;2;5;5;5;5;5;5;5;5;6;6;5;5;5;5;5;6;6;6;6;6;4;6;6;5;5;4;5;5;5;6;4;5;5;5;6;6;4;4;6;6;6;6;6;5;5;5;4;3;3;4;4;4;4;3;3;3;3;4;5;5;5;6;6;6;6;7;7;7;15;2;80;8;20;0;0;0;0;0;1;0
7;5;6;6;6;4;3;5;6;6;5;7;7;7;7;7;5;5;4;5;5;7;5;7;5;6;5;5;7;6;6;6;6;6;7;6;6;6;6;7;7;2;6;6;5;7;1;6;7;7;6;6;7;6;6;2;1;1;2;2;3;7;2;7;7;6;5;6;6;1;6;5;5;6;6;5;6;6;6;6;6;6;6;6;6;5;3;6;5;5;5;5;5;5;4;6;5;6;6;4;6;5;6;6;6;4;6;2;3;4;5;5;4;5;6;5;6;6;6;5;5;5;6;5;2;3;5;5;2;5;6;6;6;6;2;5;6;5;6;6;4;6;5;6;3;3;4;4;3;3;5;5;4;6;4;4;6;6;6;6;15;2;75;12;8;0;1;0;0;0;0;0
5;6;6;2;2;5;3;5;3;6;4;6;6;6;6;6;6;7;7;7;6;4;4;4;3;6;4;6;6;6;6;7;6;7;7;6;6;5;5;6;6;6;5;5;1;6;6;6;3;6;5;5;5;6;6;3;2;3;2;3;3;6;6;6;6;5;2;2;3;1;1;6;6;6;6;6;6;6;6;6;7;7;7;6;5;6;4;6;7;6;6;6;6;6;6;6;6;6;6;6;6;6;6;6;6;6;6;6;6;2;6;2;6;6;6;6;5;5;5;5;5;6;6;6;6;6;6;6;6;6;6;6;6;5;5;4;6;4;6;6;6;6;6;6;3;4;3;4;4;3;4;6;6;6;4;5;7;7;5;6;10;2;55;53;12;0;0;1;0;0;0;0
5;6;5;5;4;5;4;6;6;5;6;6;5;4;4;7;7;7;7;7;6;6;6;6;6;6;5;6;7;6;6;7;5;7;7;6;6;5;5;6;6;5;6;6;1;6;6;6;5;5;5;5;6;5;5;5;2;6;3;4;7;4;3;6;6;3;2;3;3;2;2;3;2;3;3;3;6;6;6;7;6;7;5;5;5;5;4;4;6;6;6;6;5;4;5;5;4;7;6;6;5;5;5;5;5;6;6;5;5;4;4;4;5;5;6;6;6;6;6;6;6;6;3;4;5;5;5;5;5;5;5;5;5;4;4;4;5;4;6;5;5;4;5;4;5;4;2;4;4;4;5;7;7;7;6;6;6;6;7;6;10;2;99;175;20;0;0;0;0;0;1;0
5;6;6;7;4;7;5;6;5;5;4;6;5;6;6;6;6;6;6;6;5;6;6;6;5;5;6;5;6;4;5;4;4;4;3;3;6;6;5;6;6;6;7;7;3;6;7;6;7;6;7;6;6;7;6;6;4;5;4;5;6;6;3;7;6;4;7;6;7;4;7;4;3;5;6;6;2;3;3;7;6;6;5;6;5;6;7;7;6;5;6;7;5;5;6;7;7;6;6;5;6;6;7;7;5;6;7;5;5;4;4;5;2;4;5;5;5;6;6;6;5;6;6;6;5;5;6;5;5;6;6;6;5;5;6;5;4;4;4;4;4;3;4;3;3;3;4;2;1;2;3;5;5;5;5;5;7;5;7;6;14;2;90;15;17;0;0;0;0;1;0;0
6;5;4;5;2;2;2;6;6;3;6;6;6;6;2;7;7;7;7;7;2;3;3;3;1;3;6;2;7;7;7;7;7;7;7;7;7;6;6;6;6;2;3;4;2;6;6;6;6;6;6;6;7;3;3;1;7;1;7;1;6;6;6;6;6;7;7;6;6;2;6;7;2;6;6;6;6;5;2;6;6;2;6;6;6;3;3;3;6;3;7;7;6;6;6;6;6;6;6;6;5;6;6;7;6;6;6;6;2;3;3;3;6;3;6;6;6;6;6;6;6;6;6;6;6;6;6;7;6;3;3;4;5;4;6;6;6;6;7;6;6;1;4;1;1;3;4;3;2;4;5;6;6;6;1;1;1;7;7;7;65;2;30;10;4;1;0;0;0;0;0;0
5;7;5;4;3;7;6;5;4;5;4;5;5;6;5;7;7;7;7;7;5;5;5;6;5;5;4;6;6;5;5;4;5;6;5;5;6;6;6;6;6;6;6;6;4;7;7;7;6;7;7;7;7;7;7;5;3;6;5;5;5;5;5;6;6;6;7;6;5;5;6;7;5;7;7;7;7;7;7;7;7;7;7;7;7;7;6;6;7;7;7;7;7;7;7;7;7;7;7;7;7;5;7;7;5;7;7;5;6;4;5;7;1;7;7;7;7;7;7;7;7;6;6;7;7;7;7;6;6;6;6;6;6;5;5;5;5;5;7;7;7;7;7;7;5;5;5;5;5;5;5;7;6;6;6;4;6;6;1;5;70;2;95;6;9;0;1;0;0;0;0;0
7;7;7;7;5;7;6;3;7;7;6;7;7;7;7;7;7;7;7;7;7;7;7;7;5;6;7;7;7;3;7;7;7;7;5;6;7;7;7;7;7;7;7;7;6;7;7;7;1;7;7;7;6;7;7;4;1;4;1;3;7;7;4;7;6;6;7;7;7;2;7;7;6;7;7;7;7;5;6;7;7;7;6;7;7;6;7;6;7;7;7;6;6;7;7;6;6;7;7;7;7;7;7;7;6;7;6;6;6;7;6;7;6;7;7;7;7;6;7;7;6;6;5;6;7;6;6;7;6;7;7;7;7;6;7;6;5;6;7;7;7;6;7;6;4;5;4;4;5;4;3;7;5;6;3;5;6;3;7;7;21;2;95;15;8;0;1;0;0;0;0;0
4;4;4;4;4;4;4;3;3;3;4;4;6;6;6;6;5;5;7;4;4;3;4;3;3;3;3;4;4;4;5;5;3;5;4;4;4;5;4;4;6;7;7;7;2;7;7;7;7;7;7;7;3;5;5;1;2;6;2;2;7;6;2;6;6;6;5;2;6;2;5;5;4;4;5;4;3;3;3;6;6;6;3;4;4;4;3;3;3;3;3;3;3;3;3;3;3;4;4;5;4;4;4;4;4;4;4;2;2;2;2;2;2;2;5;4;4;5;4;4;4;5;5;4;3;4;4;3;3;4;5;5;4;2;3;2;3;3;3;3;3;2;2;2;3;3;3;3;3;3;3;6;6;4;2;4;4;5;7;6;24;2;60;5;9;0;1;0;0;0;0;0
5;4;6;6;5;2;2;6;5;7;2;7;6;7;7;5;4;6;5;5;4;5;6;5;4;6;6;5;6;7;7;7;6;4;5;5;4;5;6;5;6;6;6;5;4;6;6;6;4;5;4;4;4;6;3;5;2;6;4;6;6;6;2;6;6;6;6;5;6;6;5;5;5;6;6;5;5;4;6;6;6;6;7;6;7;2;3;3;6;6;6;2;3;3;3;4;2;5;5;6;6;6;7;7;7;6;6;5;6;5;6;5;5;5;6;6;6;6;5;5;6;6;5;5;5;6;6;6;6;5;7;6;7;5;3;4;2;5;3;3;3;5;4;4;1;1;2;1;4;1;4;6;5;5;5;4;3;6;6;6;8;2;95;10;15;0;0;0;1;0;0;0
7;7;7;7;1;6;6;5;6;6;6;7;6;7;7;7;7;7;7;7;6;6;6;6;6;5;5;5;7;6;6;7;7;6;6;6;7;6;7;7;6;7;5;5;1;6;6;5;2;5;5;5;4;4;4;6;6;6;6;6;7;7;7;7;7;1;4;4;4;4;4;7;7;7;7;7;5;5;7;7;7;7;7;5;5;6;5;5;6;5;6;7;4;4;4;6;6;6;4;4;5;4;3;3;2;2;2;4;4;4;4;4;4;4;7;7;7;7;7;4;5;7;6;6;4;4;4;5;5;5;6;6;6;4;5;4;4;4;5;5;4;5;6;5;3;3;4;3;3;3;4;7;4;6;3;3;5;3;7;4;17;2;100;5;8;0;1;0;0;0;0;0
5;5;4;4;5;6;6;6;5;5;5;6;5;6;6;5;5;6;5;5;5;5;6;5;4;5;5;4;4;5;5;5;5;5;6;4;5;5;4;5;5;4;5;4;2;5;5;5;5;5;5;5;6;5;4;5;5;4;4;5;5;4;6;5;7;2;6;5;2;3;3;6;5;5;5;5;6;5;5;7;6;6;5;4;4;5;6;5;6;6;6;5;5;6;5;6;5;5;6;6;6;6;6;7;5;6;6;6;5;5;4;5;6;4;6;6;6;4;4;6;6;4;3;4;5;5;5;6;5;5;5;5;5;4;6;4;5;5;5;5;5;5;5;5;5;5;4;5;5;4;5;6;6;6;4;4;6;6;7;6;80;2;80;25;8;0;1;0;0;0;0;0
4;7;6;7;6;4;4;7;6;5;6;6;5;6;6;7;7;7;7;7;7;7;6;7;6;6;6;6;6;6;6;5;6;7;6;6;5;7;6;6;6;6;6;6;4;7;7;6;4;6;6;6;5;5;5;5;3;5;2;4;6;6;2;7;6;3;2;2;3;2;3;2;2;2;2;2;5;5;5;6;6;6;5;6;6;6;5;6;6;5;6;4;4;4;4;4;4;5;5;6;5;5;6;6;6;6;6;6;6;5;5;5;4;6;6;6;6;6;6;6;5;5;6;6;5;5;6;5;5;5;5;5;5;5;5;5;5;5;5;5;5;5;5;5;3;3;3;3;3;3;3;5;6;6;5;6;6;6;7;6;15;2;90;5;6;0;1;0;0;0;0;0
6;6;6;7;2;4;1;4;6;6;6;6;6;7;7;7;7;7;6;6;7;4;4;5;1;1;4;4;6;6;7;6;4;7;6;7;6;6;6;6;6;6;4;4;4;7;7;6;2;6;6;7;5;4;4;6;4;3;4;4;7;6;4;6;7;4;4;4;2;2;2;5;4;6;6;6;6;6;6;6;5;5;6;4;4;3;4;2;6;5;6;3;3;5;5;6;6;6;6;6;6;4;4;5;3;6;5;3;3;6;4;6;6;4;6;6;6;6;6;4;5;6;6;6;4;4;6;6;5;5;5;4;4;3;3;3;3;4;4;3;3;2;2;2;3;2;3;3;4;3;3;5;5;6;6;6;5;3;2;6;12;2;30;4;9;0;1;0;0;0;0;0
7;5;6;7;7;6;6;6;7;7;6;5;6;7;6;5;5;5;5;6;6;7;7;6;6;6;6;7;7;5;7;5;6;7;5;7;6;6;7;7;6;6;6;5;4;6;6;7;2;6;7;6;6;6;7;5;3;2;2;2;6;7;6;6;6;2;6;6;2;2;3;6;6;7;5;6;7;6;6;7;6;6;7;5;6;7;5;6;6;6;7;6;5;6;6;6;7;6;5;5;6;7;6;6;6;5;5;6;6;7;6;7;6;6;7;6;6;6;6;7;6;6;6;7;5;6;6;7;7;6;6;6;6;7;6;5;6;5;6;6;7;5;7;5;5;5;4;3;4;4;3;7;4;6;3;2;1;6;6;7;4;2;70;5;15;0;0;0;1;0;0;0
4;6;5;6;6;4;4;6;6;5;5;5;5;7;5;6;6;6;7;6;5;5;5;6;3;6;4;6;5;6;6;6;7;7;5;4;5;5;5;4;5;4;5;6;2;6;6;4;4;4;4;4;6;6;6;6;6;6;4;5;6;6;2;6;3;6;6;6;5;6;7;7;6;6;6;6;6;6;6;6;6;6;6;5;5;6;5;7;7;6;7;4;4;4;5;5;5;6;6;6;6;6;6;6;6;6;6;6;6;6;7;7;6;6;6;6;6;3;5;5;5;6;6;6;6;6;6;5;5;5;5;5;5;3;6;4;5;5;4;4;4;4;4;5;3;3;4;5;4;4;3;6;6;6;5;6;7;7;7;5;10;2;90;5;4;1;0;0;0;0;0;0
6;6;4;5;4;5;4;5;4;6;6;5;4;6;5;5;4;4;3;3;5;5;5;5;6;6;5;5;6;5;5;4;4;6;4;6;6;6;6;5;5;5;3;3;4;5;5;5;6;5;4;5;6;6;6;5;5;5;5;4;6;6;6;6;7;2;4;3;2;2;2;5;5;3;3;4;4;4;4;5;4;4;6;6;5;6;5;5;4;4;4;4;4;4;4;4;4;4;4;4;4;5;6;7;7;4;4;3;3;4;3;3;5;6;4;4;4;4;4;4;4;5;4;4;5;4;4;6;6;6;6;6;6;3;3;3;4;4;4;4;4;4;5;4;5;5;3;3;3;3;3;4;5;5;4;4;3;4;6;5;8;2;90;8;20;0;0;0;0;0;1;0
7;7;7;7;7;7;7;6;4;7;7;7;7;7;7;6;2;7;5;6;7;7;7;7;7;7;7;6;7;7;7;7;6;7;7;7;7;7;7;6;7;6;6;5;7;7;5;7;7;7;7;7;7;6;6;6;5;5;4;4;5;7;7;7;7;7;6;4;7;7;7;6;7;7;7;7;6;6;6;7;7;5;7;7;7;7;7;7;7;6;7;7;6;7;7;7;7;7;7;7;7;7;7;7;7;7;7;5;6;7;7;7;7;7;7;7;7;6;7;7;7;7;7;7;7;7;7;7;7;7;7;7;7;5;6;4;4;7;5;5;6;5;6;6;2;3;3;3;3;3;4;4;5;3;2;2;5;5;7;7;20;2;100;6;20;0;0;0;0;0;1;0
7;6;6;5;5;5;6;5;5;7;6;6;6;6;6;3;6;3;3;4;6;7;7;5;6;6;6;5;5;5;4;4;5;3;3;6;6;6;6;4;3;5;4;4;4;6;5;5;6;6;2;5;6;5;5;7;6;6;5;5;6;6;6;6;6;6;4;3;3;6;6;3;4;4;4;2;5;4;3;6;5;4;5;5;5;7;6;4;6;5;5;5;5;4;4;4;4;6;5;4;4;5;6;5;4;4;5;6;5;4;4;5;4;4;6;5;4;4;4;4;4;6;5;4;3;4;4;7;7;7;6;6;7;5;6;5;6;5;6;6;6;5;5;5;4;3;3;4;3;3;3;2;3;3;3;3;5;5;6;6;11;2;90;3;20;0;0;0;0;0;1;0
6;6;6;6;4;7;6;7;6;6;4;4;4;6;6;3;2;2;2;2;6;3;5;5;7;3;4;5;4;4;4;4;4;6;4;1;2;2;2;2;2;2;3;4;3;5;5;1;5;4;3;3;2;6;6;6;6;6;6;6;7;6;4;5;3;1;1;1;1;1;1;6;6;6;6;6;2;3;3;6;2;2;6;4;5;7;7;7;4;4;5;4;3;4;4;3;5;5;4;6;5;4;4;4;3;4;4;7;7;7;7;7;7;7;5;4;5;5;5;5;5;3;3;3;3;3;3;5;6;5;5;6;5;2;5;5;5;5;5;5;5;4;4;4;2;3;2;3;4;3;3;6;6;6;6;6;6;6;6;6;8;2;95;2;20;0;0;0;0;0;1;0
6;5;5;6;3;3;3;5;3;3;2;5;4;2;5;6;3;5;5;4;5;6;5;6;3;5;5;4;5;4;6;4;5;7;5;6;6;7;5;6;6;6;6;5;3;6;6;3;4;5;3;4;4;5;6;3;4;5;5;2;5;6;6;7;6;5;6;4;3;2;5;6;5;6;5;6;6;4;3;6;5;6;6;4;5;6;5;4;5;4;6;4;2;2;4;5;5;5;6;4;5;6;6;6;3;4;4;6;4;6;3;5;4;5;6;6;5;6;5;6;5;3;6;5;4;4;5;4;4;6;7;6;4;3;4;2;3;3;5;5;3;2;5;3;4;5;3;4;3;3;4;6;4;6;4;5;7;5;7;6;10;2;25;5;21;0;0;0;0;0;1;0
6;5;4;5;4;6;6;6;5;5;4;6;6;7;6;4;4;4;3;3;4;4;5;6;5;6;5;5;5;4;5;5;4;5;5;6;6;6;6;6;5;5;5;6;4;6;6;6;3;5;4;5;5;5;5;6;5;5;5;4;6;7;6;6;7;5;6;5;5;3;6;6;6;6;6;6;6;6;6;5;5;5;6;5;4;5;5;4;6;5;6;4;5;5;4;5;5;5;4;4;5;5;5;5;4;4;4;5;4;4;5;5;3;6;5;5;5;5;5;5;5;5;4;5;5;5;5;5;4;5;5;5;5;4;4;4;5;5;4;5;5;4;4;4;2;3;3;4;4;2;4;5;5;5;6;5;5;7;7;6;8;2;100;10;9;0;1;0;0;0;0;0
7;6;7;7;7;4;4;7;7;7;7;7;6;7;7;7;6;7;7;7;7;6;7;7;6;7;7;7;7;7;7;7;7;7;7;7;7;7;6;7;7;7;6;7;1;7;6;7;2;6;7;7;7;7;7;7;1;7;1;7;7;7;1;7;6;1;1;1;1;1;1;1;1;1;1;2;7;7;7;7;7;7;7;7;7;7;7;7;7;7;7;6;7;6;6;6;6;7;7;7;6;6;6;7;6;7;7;7;7;6;7;7;7;6;7;7;7;7;7;7;7;7;6;7;7;7;7;7;7;7;7;7;7;7;7;7;7;7;7;6;7;7;7;7;4;3;3;3;3;5;4;7;7;7;7;7;7;7;7;7;5;2;100;3;20;0;0;0;0;0;1;0
4;6;6;7;6;6;6;6;6;6;6;7;6;5;6;7;7;7;7;7;5;6;6;6;6;5;6;7;6;6;6;5;5;7;6;7;7;7;7;7;7;7;7;7;4;7;7;7;7;7;7;7;6;6;6;5;3;5;1;4;6;6;7;6;6;6;6;6;5;5;6;6;6;6;7;6;6;6;6;6;6;6;6;5;7;6;6;6;6;6;7;5;6;5;6;6;5;6;6;6;6;6;6;6;6;6;7;5;5;6;6;6;7;7;6;6;6;6;6;6;7;6;6;6;6;6;6;4;5;5;5;5;6;6;6;4;5;6;5;5;5;3;4;6;3;3;4;3;5;4;4;6;6;6;5;4;5;3;5;5;8;2;75;12;4;1;0;0;0;0;0;0
7;7;6;7;5;5;4;7;3;7;6;7;7;6;7;6;1;5;6;6;7;7;6;7;6;7;7;7;7;7;7;7;7;7;7;6;5;6;7;7;6;7;7;7;7;7;7;5;7;7;5;5;6;6;7;2;6;3;1;3;5;7;7;7;7;5;7;5;7;1;5;7;7;7;7;7;7;7;7;7;7;7;7;5;6;7;6;7;7;7;7;5;7;7;7;7;7;7;7;7;7;7;7;7;7;7;7;7;4;7;7;7;7;7;7;7;7;7;7;7;7;7;7;7;7;7;7;7;7;7;7;7;7;5;6;4;7;5;5;5;5;4;4;4;3;3;3;3;3;3;3;6;6;2;2;4;7;7;7;7;8;2;100;10;20;0;0;0;0;0;1;0
4;6;6;7;7;4;4;7;6;6;6;4;4;6;5;7;7;7;6;6;6;5;6;7;6;5;4;5;7;6;7;3;7;7;7;6;6;7;7;6;6;2;2;1;2;7;6;7;2;6;6;6;6;7;5;6;6;5;5;6;6;6;6;6;6;2;4;2;3;3;6;4;6;6;6;6;6;5;6;7;6;6;7;7;7;2;2;6;6;6;3;3;3;3;6;6;6;6;5;5;7;6;7;6;3;6;6;5;4;4;4;4;6;6;6;6;6;6;6;6;6;6;6;6;6;6;6;3;3;3;5;6;4;4;4;4;4;4;6;6;6;4;5;5;5;5;5;5;5;3;6;4;6;4;4;4;6;1;1;1;12;2;80;3;20;0;0;0;0;0;1;0
7;7;7;7;7;4;4;6;7;5;5;5;5;6;6;7;7;7;7;7;7;7;7;7;6;7;7;7;7;7;7;7;7;7;7;7;7;7;7;7;7;7;7;7;3;7;7;5;5;5;5;5;7;7;6;3;3;3;3;3;7;7;1;7;7;5;3;3;5;3;3;5;5;5;5;5;5;5;5;7;7;7;6;6;6;7;3;5;5;5;5;7;3;5;5;5;5;7;7;7;6;6;7;6;6;6;6;7;5;3;7;5;5;6;7;7;7;7;6;6;6;5;5;6;6;6;6;5;3;5;5;5;5;3;5;3;3;5;5;3;3;5;5;4;5;5;4;5;4;4;5;5;3;3;3;3;7;1;2;2;12;2;85;8;3;1;0;0;0;0;0;0
7;7;7;7;7;7;7;7;7;7;7;7;7;7;7;7;7;7;7;7;7;7;7;7;7;7;7;7;7;7;7;7;7;7;7;7;7;7;7;7;7;7;7;7;7;7;7;7;7;7;7;7;7;7;7;7;7;7;7;7;7;7;7;7;7;1;7;7;1;1;7;7;7;7;7;7;7;7;7;7;7;7;7;7;7;7;7;7;7;7;7;7;7;7;7;7;7;7;7;7;7;7;7;7;7;7;7;7;7;7;7;7;7;7;7;7;7;7;7;7;7;7;7;7;7;7;7;7;7;7;7;7;7;7;7;7;7;7;4;7;7;7;7;7;1;5;5;5;5;1;5;7;7;7;7;7;7;7;7;7;59;2;60;7;4;1;0;0;0;0;0;0
6;5;5;6;4;6;5;6;5;5;4;6;6;7;6;7;7;7;7;7;6;6;5;5;4;5;5;3;5;5;4;6;7;7;5;6;6;6;6;6;6;5;7;6;2;7;6;6;7;6;6;6;5;6;6;5;2;5;4;4;7;6;7;7;7;3;2;2;4;6;5;2;2;2;2;2;6;6;7;7;7;6;6;6;6;6;6;6;6;6;6;6;6;6;6;6;6;6;6;6;7;6;7;6;5;6;6;6;7;7;6;6;5;6;6;6;5;6;6;6;6;5;5;6;5;6;6;5;6;5;6;6;5;5;5;4;3;5;6;6;6;5;6;5;3;5;4;4;2;4;4;5;5;6;5;5;7;7;7;6;5;2;80;5;8;0;1;0;0;0;0;0
3;4;5;5;6;6;5;6;6;4;4;4;5;5;5;3;5;5;4;3;4;5;5;5;4;5;5;4;4;5;4;4;5;5;4;5;6;6;6;6;6;3;4;4;3;3;4;5;5;5;5;5;6;4;5;5;5;6;3;6;4;3;4;4;6;3;2;2;2;4;2;3;3;4;4;3;5;4;4;5;4;5;5;5;5;4;5;5;5;5;5;5;5;5;6;5;6;4;5;4;4;5;4;4;4;4;4;5;4;6;4;4;5;4;4;4;5;6;6;6;6;4;4;4;4;5;5;4;5;5;5;6;5;3;5;4;5;4;3;5;5;4;4;4;1;4;2;3;4;2;3;5;6;6;4;4;6;6;6;6;7;2;95;6;19;0;0;0;0;1;0;0
6;6;6;6;5;6;5;4;7;3;4;5;6;6;6;6;6;5;5;6;6;6;6;6;6;6;6;6;5;5;5;5;5;6;5;4;5;5;6;5;5;4;5;4;4;5;5;6;5;5;5;5;5;6;6;5;3;5;4;5;5;5;3;4;5;2;3;3;3;3;4;3;2;3;3;3;6;6;5;5;5;5;5;5;6;5;5;5;5;5;5;6;5;5;6;5;5;5;5;5;5;5;5;5;4;5;6;6;5;5;5;5;5;6;6;5;5;5;5;5;6;4;4;5;5;5;4;5;5;6;6;5;5;6;5;5;5;5;4;5;5;5;5;5;3;4;2;4;4;3;4;5;5;5;5;5;5;5;5;6;5;2;80;10;1;0;0;0;0;0;0;1
6;7;6;6;5;5;4;5;5;7;6;7;6;7;7;7;5;7;5;7;6;7;7;7;6;6;6;7;5;5;6;5;5;7;6;6;7;7;6;7;7;7;7;7;2;7;7;7;7;6;7;7;6;6;7;5;3;7;3;6;4;6;4;7;7;7;7;7;7;5;6;7;6;7;7;7;7;7;6;7;7;7;7;5;7;7;7;7;7;6;7;7;7;7;6;7;7;6;7;6;7;5;7;7;7;7;7;5;5;4;6;6;6;7;6;7;7;7;6;7;6;6;7;7;7;7;7;5;7;7;6;6;6;4;5;4;4;5;5;5;5;6;6;6;5;1;4;3;3;3;4;6;6;7;7;7;7;6;4;6;6;2;98;5;20;0;0;0;0;0;1;0
7;7;7;6;6;7;6;5;6;4;4;4;5;5;4;4;4;4;4;4;4;6;5;5;5;5;4;4;6;4;4;5;6;5;4;5;5;5;6;5;4;6;6;5;2;5;5;5;4;4;3;4;5;5;4;3;4;4;4;4;5;5;2;6;6;4;3;2;2;3;3;4;3;4;4;4;5;5;4;4;4;4;5;5;5;4;5;5;4;4;4;3;4;4;4;4;4;4;5;4;5;4;5;5;5;5;5;5;5;4;5;5;5;4;5;4;4;4;4;5;5;3;4;4;4;4;4;4;4;4;5;5;5;4;4;4;4;4;4;4;4;4;4;4;5;5;5;5;5;5;5;5;5;5;5;5;5;5;4;4;18;2;80;10;24;0;0;0;0;0;0;1
6;4;5;6;6;5;5;4;5;6;5;6;7;7;7;7;5;6;7;6;5;6;5;6;1;5;6;6;5;7;6;4;7;7;4;6;5;6;5;6;5;3;7;7;4;7;6;7;7;7;6;6;5;6;6;5;3;4;2;2;7;7;6;7;7;1;7;7;5;6;6;1;5;5;6;6;7;7;7;7;6;6;5;6;6;3;1;6;4;4;4;1;1;1;6;6;6;7;6;6;7;6;7;7;6;5;6;7;2;4;1;7;1;1;7;6;6;4;5;5;6;1;7;6;1;4;4;7;4;6;6;5;6;3;4;2;2;4;6;5;6;1;1;1;3;2;3;3;1;4;5;6;4;5;3;3;6;5;1;1;26;2;43;12;17;0;0;0;0;1;0;0
5;4;4;3;4;3;2;2;5;5;4;4;5;6;5;5;6;6;6;4;3;3;3;3;4;4;3;3;3;4;4;3;3;6;3;3;6;6;4;4;4;5;5;5;4;5;4;5;5;4;3;3;6;5;5;6;5;5;5;4;5;6;5;6;6;2;2;2;2;2;2;4;5;5;3;4;4;2;2;4;4;5;6;3;4;3;3;3;5;5;5;5;5;4;5;4;4;5;5;6;6;4;4;4;4;4;4;5;5;3;5;4;4;4;4;4;4;5;3;5;5;3;3;3;4;4;5;4;4;4;4;4;4;4;4;4;4;4;5;5;5;4;4;4;4;4;4;4;3;3;4;5;6;5;3;3;6;7;7;7;62;2;95;10;14;0;0;0;1;0;0;0
7;7;7;7;1;7;5;1;7;7;7;7;7;7;7;7;1;7;7;7;7;7;7;7;7;7;7;7;7;7;7;7;7;7;7;7;7;7;7;7;7;5;7;5;5;7;7;6;7;6;6;7;7;7;7;1;1;1;2;1;7;7;7;7;7;3;5;7;2;1;2;7;7;7;7;7;1;1;1;7;7;7;7;7;7;7;7;7;7;7;7;7;7;7;7;7;7;7;7;7;7;7;7;7;7;7;7;5;7;7;5;7;6;7;7;7;7;7;7;7;7;7;7;7;7;7;7;7;7;7;7;7;7;7;7;4;7;7;7;7;7;7;7;7;5;5;5;5;5;5;4;7;7;7;7;7;7;7;7;7;10;2;100;22;17;0;0;0;0;1;0;0
6;5;6;6;6;6;6;2;6;6;6;6;7;6;6;6;6;6;6;4;6;6;6;6;6;6;4;4;7;4;7;3;6;6;3;6;6;6;6;4;6;6;6;6;5;7;6;6;5;6;6;6;5;5;5;4;5;6;5;5;6;6;6;6;6;6;4;4;4;4;5;5;6;5;4;6;4;4;5;5;5;3;6;4;5;6;6;5;6;6;6;5;5;5;5;5;5;6;6;5;4;6;6;6;6;6;4;6;4;4;4;4;5;5;4;3;3;4;5;4;4;6;6;5;6;6;6;4;5;5;5;5;5;5;5;4;4;4;4;4;4;6;6;6;3;4;4;4;4;4;3;5;5;3;3;2;5;6;6;6;12;2;60;5;8;0;1;0;0;0;0;0
7;7;7;7;7;7;7;7;7;7;7;7;7;7;7;7;7;7;7;7;7;7;7;7;7;7;7;7;7;7;7;7;7;7;7;7;7;7;7;7;7;7;7;7;1;7;7;7;1;7;7;7;7;7;7;7;1;7;1;7;7;7;1;7;7;1;1;1;1;1;1;1;1;1;1;1;7;7;7;7;7;7;7;7;7;7;7;7;7;7;7;7;7;7;7;7;7;7;7;7;7;7;7;7;7;7;7;7;7;7;7;7;7;7;7;7;7;7;7;7;7;7;7;7;7;7;7;7;7;7;7;7;7;7;7;7;7;7;7;7;7;7;7;7;5;5;5;5;5;5;4;7;7;7;7;7;7;7;7;7;22;2;100;50;20;0;0;0;0;0;1;0
7;5;4;7;1;5;2;2;7;7;7;7;7;7;7;7;4;3;6;6;5;5;5;5;5;5;5;5;5;7;7;7;7;7;5;7;7;7;7;7;7;7;7;7;5;7;4;5;7;7;7;7;7;7;7;7;7;7;7;7;1;7;4;7;7;1;7;7;7;1;7;7;7;7;7;7;7;7;7;7;7;7;7;7;7;7;7;7;6;6;6;7;7;7;7;7;7;7;7;7;7;7;7;7;7;7;7;1;1;1;1;1;1;1;7;7;7;7;7;7;7;7;7;7;7;7;7;7;7;7;7;7;7;7;7;7;7;7;5;5;5;5;5;5;4;4;2;4;3;4;4;7;7;7;7;7;7;7;7;7;62;2;80;10;3;1;0;0;0;0;0;0
7;5;7;7;7;7;7;7;7;7;7;7;7;7;7;7;7;7;7;7;7;7;7;7;7;7;7;7;7;7;7;7;7;7;7;7;7;7;7;7;7;6;6;6;2;7;7;7;7;7;7;7;7;7;7;5;2;4;4;1;6;7;3;7;7;2;3;3;3;3;3;1;1;1;1;1;7;7;7;7;7;7;7;7;7;7;7;7;7;7;7;7;7;7;7;7;7;7;5;5;7;7;7;7;5;7;7;6;6;5;5;7;7;7;7;7;7;7;7;7;7;7;7;7;7;7;7;5;5;5;7;7;5;7;6;6;6;6;6;6;6;6;6;5;4;4;4;5;4;5;2;5;7;6;4;4;4;4;6;5;24;2;75;5;20;0;0;0;0;0;1;0
7;6;5;6;3;6;5;6;7;5;6;7;6;7;7;7;7;7;6;6;5;6;7;5;6;4;4;4;6;5;6;5;6;6;5;3;5;5;5;6;5;2;5;2;2;6;5;6;2;6;5;5;6;5;6;2;1;4;1;2;6;6;6;7;7;1;6;1;2;4;6;5;5;5;4;5;6;5;6;7;6;6;6;5;6;5;2;6;7;5;6;7;4;6;6;6;6;6;6;6;5;5;6;7;6;7;4;6;6;6;6;6;6;6;6;5;5;6;6;6;6;7;7;7;6;4;5;5;5;6;6;6;5;4;4;5;4;5;4;4;4;3;4;2;3;4;2;4;5;4;3;7;7;6;2;6;6;2;6;6;6;2;50;6;1;0;0;0;0;0;0;1
7;7;5;7;5;7;7;6;6;6;4;7;6;7;7;7;7;7;6;7;5;5;5;6;6;6;5;5;6;7;6;5;7;7;5;7;7;7;7;7;7;6;6;6;2;7;7;5;7;6;6;6;5;6;6;6;5;6;5;5;3;6;2;5;6;7;6;4;7;5;4;6;6;6;5;6;6;5;6;6;7;6;4;6;6;6;6;7;6;6;6;5;5;7;6;5;6;5;5;5;5;6;7;6;5;5;4;5;3;3;6;5;6;3;5;5;6;6;6;5;5;5;5;5;6;5;5;6;5;7;7;7;6;3;5;4;4;4;6;6;6;4;6;4;5;4;3;4;3;5;5;7;5;7;4;5;7;5;6;7;17;2;95;9;20;0;0;0;0;0;1;0
7;5;7;7;5;7;7;5;5;7;7;7;7;7;7;5;5;4;3;3;2;5;5;4;6;6;6;6;4;5;3;4;3;3;2;7;7;7;7;7;5;5;6;2;7;7;7;7;7;7;7;7;6;6;6;7;7;7;7;7;6;6;7;7;7;1;3;6;1;1;1;5;5;6;6;5;7;4;5;7;6;6;6;6;6;6;6;7;3;3;5;6;6;6;7;5;5;4;4;4;4;6;6;6;6;3;3;5;5;6;6;3;3;5;6;5;5;6;6;6;6;6;6;6;7;5;5;5;5;6;6;6;7;2;5;3;3;3;3;3;3;5;6;6;2;2;2;5;3;2;3;4;5;5;5;5;5;5;5;5;7;2;100;8;20;0;0;0;0;0;1;0
3;3;3;5;5;3;3;5;5;3;3;5;5;6;6;3;3;3;3;3;5;5;5;3;3;3;3;3;5;5;5;5;3;4;4;5;6;6;6;6;4;3;5;5;5;7;7;6;6;6;6;6;6;6;6;4;4;4;4;4;6;6;2;6;6;3;6;3;2;2;2;6;6;6;6;6;2;2;2;5;5;5;5;5;5;5;5;3;5;5;5;5;5;5;5;5;5;3;3;5;5;5;5;5;5;5;5;4;4;4;4;4;4;4;5;5;5;5;5;5;5;5;5;5;5;5;5;5;5;5;5;5;5;3;3;3;3;3;5;3;5;5;3;5;4;3;3;4;4;4;3;3;5;5;3;3;5;3;3;3;6;2;100;4;17;0;0;0;0;1;0;0
6;2;6;5;6;5;6;7;6;6;7;5;6;7;6;7;6;6;7;7;5;6;5;7;5;7;6;7;7;5;6;7;7;7;7;6;6;6;6;6;7;7;7;7;2;7;6;7;1;7;7;7;6;6;6;6;1;5;3;5;5;6;2;6;6;4;6;6;3;5;7;4;6;6;6;6;4;4;4;6;6;6;4;2;5;5;5;6;6;5;6;5;5;5;4;4;6;6;5;5;5;5;5;5;5;5;5;6;5;5;5;6;6;7;7;7;6;5;5;5;5;6;5;6;5;4;5;5;5;6;5;5;5;5;6;5;4;4;5;5;4;6;5;5;4;3;3;3;3;3;4;6;5;4;4;5;6;6;5;5;20;2;60;12;8;0;1;0;0;0;0;0
4;4;3;5;2;4;4;3;3;3;3;4;4;4;3;6;6;6;4;6;5;5;5;5;5;5;4;4;5;5;5;5;5;5;5;4;4;4;4;6;4;5;5;6;4;4;5;4;4;4;4;4;5;5;5;4;4;4;4;4;5;5;3;5;4;4;4;4;4;4;4;4;4;4;4;4;4;4;4;4;4;4;4;4;4;4;4;4;4;4;4;4;4;4;4;4;4;5;4;4;5;4;5;5;4;5;4;5;5;5;5;5;5;5;5;5;4;5;5;4;4;4;4;4;4;4;4;3;3;3;3;3;3;4;4;4;4;4;4;4;4;4;4;4;3;3;3;3;3;3;6;6;4;4;5;5;5;5;5;5;30;2;90;200;20;0;0;0;0;0;1;0
7;5;6;7;5;7;6;7;7;7;6;6;5;7;7;6;5;6;7;6;5;6;6;6;4;6;7;5;6;5;5;7;6;6;5;6;6;6;7;6;7;6;6;5;2;7;7;5;6;6;6;6;5;6;6;6;6;6;3;5;7;7;6;7;7;6;6;4;5;5;3;7;7;6;7;7;7;7;6;7;7;7;7;7;7;6;6;6;6;7;7;6;5;6;6;6;7;7;7;6;6;6;7;7;6;7;6;5;6;5;4;5;5;6;7;7;7;7;6;6;6;6;6;6;6;6;6;5;6;6;6;7;6;4;4;5;3;4;5;5;4;5;5;4;3;3;4;3;4;3;4;6;6;6;6;6;7;7;7;7;8;2;73;25;20;0;0;0;0;0;1;0
5;6;6;6;3;4;4;3;3;4;4;5;5;5;5;6;6;6;6;6;5;4;4;4;4;5;5;4;6;6;6;5;5;5;4;7;7;7;6;7;6;6;6;6;4;7;7;7;7;7;6;6;5;5;5;4;4;4;4;5;6;6;6;6;6;3;3;4;4;6;4;4;3;3;2;2;6;6;6;5;5;6;5;5;5;6;5;5;4;4;5;4;4;4;4;4;4;5;5;5;5;5;5;5;5;5;5;2;2;2;2;2;3;2;5;5;5;5;5;5;5;5;5;5;5;5;5;7;7;7;6;6;6;5;6;5;5;5;5;5;5;5;5;5;5;5;5;5;5;4;5;5;5;5;4;4;5;6;4;5;4;2;25;8;8;0;1;0;0;0;0;0
4;5;5;6;4;6;5;6;5;5;5;7;5;7;5;7;6;6;6;6;7;7;5;6;4;4;4;7;5;5;7;6;4;7;6;4;6;5;3;5;2;5;6;4;2;6;4;4;4;4;4;5;2;2;4;2;2;4;6;4;6;6;4;7;7;1;7;4;4;4;4;4;6;6;3;3;4;4;4;6;5;4;2;4;4;3;3;4;5;6;4;6;4;4;6;6;5;4;4;4;5;5;5;3;3;3;5;2;2;2;4;4;5;5;4;3;5;2;2;5;4;5;5;5;6;6;5;3;2;6;6;6;6;1;4;1;3;1;2;2;5;4;4;4;3;4;3;4;2;3;4;7;7;5;2;3;5;6;7;7;12;2;100;7;4;1;0;0;0;0;0;0
6;7;6;7;5;6;5;6;6;7;6;6;7;7;7;7;6;7;7;7;5;6;6;6;6;7;7;5;7;6;7;7;6;7;7;7;7;7;6;7;7;5;6;6;6;7;5;7;7;7;6;7;5;6;6;7;1;7;5;4;7;7;2;7;7;3;2;2;1;2;3;6;6;5;6;7;7;7;6;7;7;6;6;7;6;7;6;7;6;4;6;5;6;6;6;6;6;6;5;6;6;7;7;6;4;5;5;5;6;6;6;6;5;1;6;7;7;6;6;6;7;6;6;6;5;6;7;6;6;7;6;7;7;4;6;4;4;5;5;6;7;5;6;6;3;5;4;5;5;3;5;7;6;7;5;5;6;7;7;7;4;2;10;7;20;0;0;0;0;0;1;0
7;4;7;7;3;6;4;5;5;6;6;6;4;6;6;7;7;5;6;6;5;5;5;5;4;4;4;4;6;5;5;5;5;5;5;6;6;6;5;6;6;6;5;5;4;6;6;5;3;6;6;6;6;6;5;4;4;5;4;6;6;6;6;5;6;3;4;4;3;3;4;4;4;4;5;6;6;6;5;6;6;6;6;4;4;5;5;5;5;5;6;6;6;5;5;4;4;6;6;5;6;4;4;4;4;4;4;4;4;4;4;5;5;5;6;6;6;3;4;4;4;6;6;6;4;4;4;3;4;4;4;4;4;4;4;4;4;4;4;4;4;4;4;4;3;4;4;4;4;4;4;4;5;4;4;4;4;4;4;4;60;2;100;5;8;0;1;0;0;0;0;0
7;3;6;6;4;7;7;3;7;7;7;7;7;7;7;7;6;7;7;7;7;7;7;7;4;7;7;7;3;5;7;4;7;7;3;6;7;7;7;7;7;7;7;7;7;7;7;7;7;7;7;7;7;7;7;1;1;1;1;1;4;7;7;7;7;7;7;7;1;1;1;7;5;7;7;7;7;7;7;7;7;5;7;1;7;7;1;1;7;7;7;4;4;4;7;7;7;7;1;7;7;7;7;7;1;7;7;1;1;4;1;4;7;7;7;7;7;7;7;1;7;7;1;7;7;1;1;7;7;7;7;7;7;5;7;5;5;5;4;4;4;7;7;7;3;5;3;5;3;3;5;1;7;1;4;4;7;7;1;7;18;2;100;45;17;0;0;0;0;1;0;0
7;4;6;7;3;6;6;4;6;4;6;6;4;7;6;7;7;7;7;6;7;7;5;4;6;6;7;6;7;6;7;7;6;6;6;7;3;6;6;6;6;1;3;1;4;7;7;2;6;6;6;6;6;7;7;2;1;2;2;2;6;7;6;7;6;2;1;2;1;2;2;1;3;1;1;2;7;7;7;7;6;7;6;6;6;6;1;6;7;6;6;7;6;6;6;6;6;7;7;7;7;5;7;6;6;6;6;3;4;4;4;6;6;6;6;7;7;6;6;6;6;6;6;6;6;6;6;6;4;4;6;6;6;5;6;5;5;5;2;2;2;7;7;6;3;3;3;3;3;3;5;6;4;6;4;4;4;5;5;5;7;2;90;200;24;0;0;0;0;0;0;1
7;2;2;7;1;5;3;2;6;7;5;7;7;7;7;6;5;7;7;7;6;6;5;6;6;5;5;6;6;4;7;6;6;7;6;6;6;6;6;6;6;7;7;7;2;6;6;6;6;6;6;6;7;7;7;2;4;2;3;2;6;6;6;6;6;2;6;5;2;3;6;6;3;6;6;6;6;5;5;7;7;6;6;6;6;6;4;6;5;5;5;6;5;6;6;5;6;6;4;3;5;6;6;6;3;5;6;3;3;5;5;6;6;5;6;6;6;2;5;5;5;5;3;6;6;5;5;6;6;6;6;6;6;4;6;4;4;4;7;7;7;6;5;6;4;4;3;3;4;4;4;6;5;3;4;4;5;4;6;7;16;2;50;10;21;0;0;0;0;0;1;0
7;6;7;6;2;7;6;6;3;6;5;6;6;5;6;6;5;5;6;7;6;5;6;5;3;6;6;6;6;5;6;5;5;6;5;6;6;5;5;6;6;4;4;5;2;6;6;6;5;6;6;6;6;6;7;6;6;5;5;5;6;6;6;5;6;3;2;2;3;4;2;2;3;3;2;2;6;6;6;6;6;6;5;6;6;5;2;6;6;6;6;5;4;5;6;6;6;6;5;5;6;6;6;6;2;7;6;5;6;4;6;6;6;6;6;6;6;2;6;5;6;2;2;3;5;5;5;6;5;6;6;6;6;6;6;5;6;6;5;6;6;5;4;6;3;3;3;4;3;4;3;5;6;3;3;4;3;5;6;6;12;2;100;10;23;0;0;0;0;0;0;1
7;5;6;7;5;7;6;5;7;7;6;7;7;7;6;7;6;7;7;7;7;6;7;6;1;7;2;4;7;7;4;5;6;7;6;6;6;7;7;7;7;5;6;2;7;7;1;7;6;7;7;7;7;6;6;3;5;3;5;7;6;7;3;6;7;3;1;6;2;4;1;6;1;1;1;1;7;7;7;7;7;7;7;6;6;7;7;6;7;7;7;6;6;7;7;7;7;7;6;7;6;7;7;6;3;4;5;7;6;7;7;7;7;7;7;7;7;7;7;6;6;7;5;7;5;7;6;7;6;6;6;6;7;5;6;4;7;6;7;6;7;6;6;7;4;3;4;5;5;4;3;5;4;6;4;4;6;5;6;7;3;2;100;20;19;0;0;0;0;1;0;0
6;6;7;7;5;7;5;6;6;5;6;7;6;3;7;6;6;7;7;7;6;7;7;7;5;7;7;7;7;6;6;7;7;7;7;7;7;7;7;7;6;6;7;7;6;7;6;6;6;7;7;7;6;7;7;6;6;6;6;7;2;6;6;7;7;6;7;7;5;7;7;7;7;7;7;7;7;7;7;7;7;7;7;7;7;7;6;6;7;6;7;7;6;6;6;7;7;7;7;7;7;7;7;7;7;7;7;5;3;5;5;7;7;7;7;7;7;7;7;7;7;6;6;7;7;7;7;7;7;7;7;7;7;5;6;5;6;7;6;6;6;6;6;6;4;4;4;5;3;3;3;6;6;7;5;5;6;5;3;7;10;2;100;15;8;0;1;0;0;0;0;0
5;3;6;6;7;6;5;5;6;6;5;5;5;6;6;3;3;3;3;4;6;7;7;6;6;7;6;7;6;6;7;5;5;6;5;4;5;5;4;4;5;6;7;6;3;6;6;5;5;4;4;4;4;5;5;5;4;5;4;5;4;5;3;6;6;4;3;3;3;4;3;3;2;2;2;3;5;5;6;5;4;5;5;6;6;6;6;6;5;5;6;4;5;4;5;5;5;5;5;5;6;6;7;7;7;7;6;4;5;5;5;5;4;6;5;5;5;4;5;6;6;5;6;5;6;6;6;6;6;7;6;6;6;4;5;4;4;5;5;6;6;4;5;5;4;5;4;5;3;5;4;6;6;5;5;5;6;6;6;6;7;2;98;12;17;0;0;0;0;1;0;0
7;5;5;7;5;5;5;5;5;7;4;6;4;6;6;7;7;7;7;5;5;5;5;5;5;5;2;5;7;7;7;7;6;7;7;5;5;6;5;4;4;5;6;4;6;7;6;5;1;5;7;6;6;6;6;4;2;6;4;4;6;6;6;6;6;6;6;4;4;2;6;2;6;6;7;6;6;5;5;6;6;7;6;5;6;3;4;5;7;7;6;4;4;6;6;4;4;6;6;6;6;6;6;6;6;6;6;2;3;6;4;6;6;7;7;7;7;6;6;6;6;5;5;5;6;5;5;3;3;6;6;6;6;2;2;2;4;6;4;4;4;4;4;2;3;3;3;3;3;3;3;7;5;2;2;2;6;5;7;7;15;2;70;10;21;0;0;0;0;0;1;0
5;7;6;7;7;7;6;6;7;7;3;7;6;5;7;7;6;7;6;7;6;5;5;6;6;6;6;6;7;7;6;5;7;7;5;6;7;5;5;4;6;4;6;6;6;7;7;7;6;7;6;7;7;7;7;2;4;2;2;4;4;7;6;7;7;2;7;7;6;7;3;6;6;7;7;7;1;2;4;6;6;6;6;5;5;6;5;6;5;6;6;6;5;6;6;5;5;6;7;6;7;6;6;5;6;6;5;6;7;7;7;6;6;7;7;6;6;6;6;6;7;5;6;7;4;5;5;6;7;6;6;7;6;4;6;6;5;6;6;6;6;6;5;6;3;3;3;3;3;3;4;6;5;6;4;4;4;6;6;6;59;2;98;9;17;0;0;0;0;1;0;0
5;6;4;6;7;7;7;5;5;5;2;3;3;4;5;6;6;5;5;5;2;2;2;4;2;2;2;2;6;6;5;4;4;5;2;2;5;6;4;3;3;2;3;3;4;5;6;3;4;4;3;3;6;6;6;3;6;3;5;4;3;5;3;5;5;3;6;2;2;2;6;5;5;5;5;5;6;6;3;6;5;6;5;5;6;5;5;5;4;4;5;5;5;5;4;4;4;5;5;6;5;5;4;5;5;5;5;4;4;4;4;4;4;4;4;3;3;5;4;3;4;6;6;6;6;6;6;4;5;4;4;4;4;3;3;3;3;3;6;6;6;6;6;6;2;2;2;3;3;2;4;6;4;6;6;6;6;6;6;6;50;2;50;5;9;0;1;0;0;0;0;0
6;4;6;5;4;6;5;6;6;5;6;7;7;6;6;7;5;5;5;6;4;5;5;5;2;6;3;6;7;6;6;7;7;7;6;5;6;6;4;5;5;6;6;6;4;7;5;7;6;6;7;6;6;6;6;7;5;7;5;7;7;7;5;7;7;2;6;6;5;5;6;7;6;6;5;6;6;6;7;6;6;6;6;6;6;7;6;7;7;7;6;6;6;6;6;6;6;6;6;6;6;7;6;7;5;7;6;6;6;7;6;6;6;6;6;6;6;6;6;6;6;5;4;4;6;6;6;6;6;5;5;6;6;4;4;4;4;4;5;6;6;4;4;4;5;5;4;5;5;5;4;7;7;5;4;6;7;3;6;6;10;2;100;10;8;0;1;0;0;0;0;0
5;5;4;4;3;3;3;4;4;3;4;4;4;4;4;4;5;4;5;5;6;4;5;5;4;5;4;5;4;5;5;5;5;5;5;5;5;5;5;5;5;3;4;4;3;5;5;5;4;5;4;4;5;5;5;6;2;6;2;6;4;5;4;3;4;3;4;2;4;3;4;3;3;3;3;3;5;5;5;5;6;5;6;6;6;7;6;5;6;7;6;4;7;5;6;6;7;5;6;5;4;5;5;5;4;6;6;5;5;5;6;5;4;5;5;5;4;5;6;5;4;4;6;4;5;7;5;3;6;3;4;3;5;3;4;6;4;5;4;3;6;3;4;5;3;3;3;3;3;3;3;4;4;4;4;5;5;5;6;6;20;2;100;5;17;0;0;0;0;1;0;0
6;5;3;3;3;5;4;4;3;3;4;5;5;5;3;3;3;4;3;3;4;5;4;4;3;3;2;2;5;5;5;5;6;6;5;5;4;6;5;5;4;6;6;6;1;3;5;4;3;5;4;4;3;3;4;5;4;5;4;4;6;5;4;6;6;5;6;6;6;2;4;2;4;3;3;3;5;3;3;3;3;3;2;3;3;4;3;4;2;4;4;4;3;3;3;3;3;3;3;3;5;4;2;2;4;2;5;5;5;4;5;5;5;4;2;3;3;4;2;2;2;5;3;3;3;3;3;4;5;4;5;5;5;4;3;3;3;4;4;3;3;3;4;5;5;4;3;4;4;3;5;6;6;3;5;4;3;5;2;5;40;2;100;50;8;0;1;0;0;0;0;0
4;6;5;6;4;6;6;4;3;4;6;4;4;7;4;4;5;4;4;4;6;5;6;2;3;7;7;7;7;6;7;7;6;5;7;7;6;7;6;7;7;5;3;4;6;7;7;6;6;7;7;7;7;7;7;4;3;4;3;3;6;7;7;6;4;4;7;7;4;4;7;6;5;7;7;7;7;7;7;7;7;7;6;6;7;6;6;7;7;6;6;6;7;6;6;6;6;7;6;6;6;5;6;7;6;7;7;6;6;7;7;7;7;6;7;7;7;1;6;6;6;6;6;6;6;6;6;6;6;6;6;6;6;4;4;4;4;4;6;6;6;6;6;6;3;4;3;3;3;3;3;5;5;5;2;2;5;5;4;6;28;2;99;10;14;0;0;0;1;0;0;0
5;4;3;6;1;1;1;4;5;5;5;6;6;6;6;7;6;6;6;6;2;2;2;6;2;6;2;6;6;3;4;3;3;7;6;6;6;6;6;6;6;6;6;6;7;7;6;7;7;7;7;7;6;6;6;6;7;2;6;6;5;6;6;6;7;6;7;3;2;2;1;5;6;6;5;6;7;7;7;7;7;7;6;6;6;3;6;6;6;6;6;7;7;2;6;6;6;6;6;6;6;6;6;6;3;6;6;2;2;2;2;2;6;2;6;6;6;6;3;2;2;2;2;5;2;5;6;2;2;5;2;4;2;2;4;4;2;4;3;2;2;4;4;4;3;3;4;4;4;4;3;4;6;6;6;2;2;3;2;6;6;2;100;25;5;1;0;0;0;0;0;0
7;7;6;7;3;4;6;5;4;7;5;7;6;6;7;7;7;7;7;7;4;5;6;4;6;6;6;6;6;6;7;7;7;7;6;5;6;6;5;6;5;6;6;6;1;7;6;6;6;6;6;6;6;6;6;7;6;6;7;7;7;5;6;7;7;4;1;2;2;2;6;2;3;6;3;3;6;6;6;7;7;7;7;7;6;2;4;6;6;7;7;6;7;7;7;7;7;6;6;6;6;6;6;6;6;6;6;1;2;2;2;2;7;2;7;7;7;6;5;5;5;5;5;7;5;2;6;5;5;5;6;6;6;4;4;4;4;4;4;5;5;5;5;5;4;5;3;3;2;4;4;7;4;4;6;5;6;5;5;5;100;2;50;6;3;1;0;0;0;0;0;0
7;5;7;6;5;7;7;6;6;7;6;7;7;7;7;7;6;7;7;7;7;6;6;6;6;7;7;7;7;7;7;7;7;7;7;7;7;7;7;7;7;6;7;6;2;7;7;7;7;7;5;6;6;6;6;6;3;6;3;7;7;7;6;7;7;6;6;6;6;6;4;7;7;5;7;7;7;7;7;7;7;7;7;7;7;7;6;7;7;7;7;7;7;7;7;7;7;7;7;7;7;7;7;7;7;7;7;7;7;5;7;7;5;7;7;7;7;7;7;7;7;5;5;7;7;7;7;6;6;6;6;6;6;7;7;7;7;7;6;5;5;7;7;6;5;5;5;5;5;5;5;7;7;6;6;6;7;7;7;7;100;2;45;500;4;1;0;0;0;0;0;0
5;2;3;2;6;6;5;2;3;4;4;6;6;7;7;7;7;7;7;7;6;7;6;7;6;7;7;7;7;4;7;7;7;7;6;7;7;7;7;7;7;4;6;7;2;7;7;2;4;6;6;6;6;6;6;6;2;4;2;6;2;6;2;6;6;7;6;6;6;6;6;6;6;6;6;6;6;6;6;7;7;7;7;7;3;6;6;6;7;6;6;7;7;7;6;4;4;7;7;7;7;7;7;7;5;7;7;7;7;5;6;5;6;7;7;7;7;7;6;7;7;7;7;7;7;7;7;7;7;7;4;7;7;6;6;6;6;6;6;6;6;6;6;6;3;3;2;3;3;3;5;6;6;6;5;6;7;7;7;6;12;2;90;20;20;0;0;0;0;0;1;0
7;7;6;7;7;7;7;7;7;7;6;5;6;6;7;7;7;7;5;5;7;7;6;5;6;6;4;5;7;6;6;6;6;6;6;7;7;7;6;6;6;7;6;6;6;7;6;6;7;6;1;6;7;7;7;6;5;6;3;6;7;6;6;6;7;2;6;6;2;6;5;5;6;5;5;5;5;5;5;6;6;6;7;7;7;7;7;7;5;6;6;6;3;6;7;7;7;6;6;5;5;6;5;6;6;5;5;6;6;7;7;7;6;7;6;6;6;5;6;6;6;7;7;7;6;6;6;7;7;7;7;7;7;6;6;5;6;6;7;7;7;6;6;6;5;5;5;5;5;5;4;6;6;6;7;5;6;5;6;6;3;2;100;8;23;0;0;0;0;0;0;1
6;5;5;5;6;4;3;4;5;6;6;7;6;6;7;5;3;5;4;5;6;6;6;6;6;4;5;5;7;6;5;6;4;3;6;7;5;6;6;6;5;7;7;7;1;7;7;5;5;5;4;4;4;6;5;4;3;5;3;4;7;6;3;6;6;2;2;1;6;3;5;5;6;5;6;6;6;4;6;6;5;6;6;6;6;5;4;5;6;5;6;4;4;4;5;5;5;6;6;6;6;6;6;6;6;6;6;4;4;4;4;4;2;6;6;6;6;6;6;6;6;4;4;4;4;4;6;5;5;4;4;4;4;2;3;2;4;3;5;3;6;3;5;4;4;1;2;4;4;3;4;5;6;3;3;3;6;6;6;6;7;2;100;6;20;0;0;0;0;0;1;0
7;7;7;7;6;7;6;7;7;7;6;7;5;7;7;7;2;4;5;7;7;7;7;7;7;7;7;7;7;5;6;7;6;7;7;6;6;7;7;7;6;1;2;1;1;7;1;2;7;2;3;6;7;6;7;1;1;1;2;1;7;7;7;7;7;7;6;6;6;5;3;1;7;1;1;1;7;7;7;7;7;7;7;4;2;7;6;7;7;7;7;7;7;7;7;7;7;4;5;5;5;6;7;7;7;7;7;7;7;1;7;7;1;7;7;7;7;7;7;7;7;7;7;7;7;7;7;7;7;7;7;7;7;5;6;6;6;6;6;7;6;6;7;6;5;5;4;5;5;4;5;7;7;6;1;1;6;4;2;2;20;2;95;20;4;1;0;0;0;0;0;0
7;5;7;7;4;2;3;6;7;5;2;4;4;6;7;7;7;7;7;7;7;6;7;7;7;7;7;7;7;4;7;7;7;7;1;6;7;7;6;7;7;7;5;7;3;7;7;5;3;7;5;7;5;7;7;4;2;3;2;2;3;5;4;6;1;4;5;4;4;4;4;5;6;7;6;6;6;6;6;5;5;6;6;6;7;6;4;6;7;7;7;5;5;7;7;5;7;5;3;4;7;6;7;7;6;7;7;4;5;3;5;6;5;7;5;6;6;5;6;7;5;7;6;6;1;2;7;2;5;7;7;7;4;5;7;6;7;7;6;3;7;5;6;5;4;4;3;4;2;4;3;7;5;6;6;7;6;7;6;7;35;2;70;6;4;1;0;0;0;0;0;0
7;7;4;4;3;5;2;5;4;7;6;7;7;6;7;4;6;6;6;7;6;6;6;6;2;4;2;4;7;7;7;7;6;6;5;6;6;4;5;6;4;1;7;7;4;7;7;7;7;7;7;7;7;6;7;7;7;6;6;7;7;7;7;7;7;2;6;6;2;2;2;5;2;6;1;3;6;5;4;6;6;6;7;3;5;6;5;7;5;4;5;6;4;4;4;4;6;7;1;2;6;5;6;6;3;6;6;3;5;4;4;4;5;2;6;6;6;6;3;4;6;6;6;6;6;6;6;4;5;6;6;6;6;5;6;5;4;5;3;3;3;5;5;4;4;4;3;3;2;3;4;5;3;4;5;5;5;5;3;6;16;2;99;20;8;0;1;0;0;0;0;0
7;5;6;7;4;4;5;7;7;7;7;7;7;5;7;7;6;7;7;7;6;6;7;7;5;7;6;6;7;7;7;6;6;7;6;6;7;7;6;7;7;6;7;5;6;7;3;6;7;7;6;7;5;6;6;5;5;6;4;6;6;6;7;7;7;5;7;3;6;6;6;7;7;6;7;6;7;6;7;7;7;6;6;6;7;7;5;7;7;7;6;5;6;7;6;6;7;7;6;6;7;6;7;7;5;7;6;6;7;5;7;6;3;7;7;7;7;7;7;7;6;6;6;7;7;5;5;6;6;6;6;6;7;5;5;6;3;5;5;5;5;6;5;5;4;4;3;4;4;4;3;6;6;6;4;6;7;5;4;5;10;2;95;5;1;0;0;0;0;0;0;1
7;7;7;7;7;7;7;6;7;7;6;6;5;7;7;6;4;6;4;5;7;7;7;7;7;7;7;7;4;6;7;2;4;6;6;7;7;7;7;7;7;5;6;6;1;7;7;5;1;6;5;5;6;7;6;7;6;7;4;6;7;7;7;7;7;1;1;1;1;1;1;6;6;3;6;6;6;6;7;7;7;7;6;6;6;7;7;6;6;6;7;6;4;6;6;6;6;5;5;4;4;6;6;6;6;6;6;7;7;7;5;6;1;6;5;5;6;6;5;6;7;5;5;6;6;6;7;6;6;6;6;6;6;4;6;5;5;6;6;6;6;4;5;5;3;4;4;3;3;3;3;4;5;2;1;1;6;4;5;5;7;2;80;4;4;1;0;0;0;0;0;0
4;3;4;4;2;2;2;4;3;5;5;5;3;4;5;6;6;6;6;5;5;5;5;5;3;5;5;4;4;3;4;3;3;3;3;2;2;2;2;2;2;2;2;3;5;5;2;5;6;2;5;3;4;2;2;3;4;4;4;3;4;4;2;5;2;4;5;5;5;4;5;5;3;4;2;3;3;2;2;5;4;4;3;4;4;2;2;3;3;3;3;3;3;3;3;3;3;4;4;4;4;4;3;3;3;3;3;3;3;4;3;4;3;3;3;3;3;3;3;3;3;5;5;5;4;4;4;3;3;3;3;3;3;3;3;3;3;3;3;3;3;4;4;4;5;5;5;4;5;5;4;3;3;3;3;3;4;3;3;3;8;2;100;3;15;0;0;0;1;0;0;0
7;6;6;7;7;7;7;7;7;7;7;7;7;7;7;6;6;6;7;5;7;5;7;5;7;6;7;6;5;3;1;4;4;5;2;6;5;6;5;7;6;7;7;7;1;7;7;7;7;6;7;7;6;6;6;1;1;2;1;1;7;7;7;7;7;1;7;7;1;1;7;7;7;7;7;7;7;7;7;7;7;7;7;7;7;7;7;7;7;7;7;7;7;7;7;7;7;7;7;6;6;6;7;7;7;7;5;2;4;5;5;5;6;6;5;5;5;5;4;5;5;7;6;6;6;6;7;6;6;6;6;6;6;5;5;5;5;5;6;6;6;2;2;2;2;3;4;4;3;3;3;7;7;7;2;2;7;7;7;6;14;2;95;12;24;0;0;0;0;0;0;1
5;4;6;7;7;5;2;5;6;7;6;6;5;7;5;7;6;6;6;5;6;6;6;6;5;7;7;6;7;6;6;7;7;7;5;2;3;7;5;6;6;7;7;7;2;7;6;6;2;7;6;5;4;4;3;2;5;5;2;4;7;7;6;7;7;5;3;4;6;4;2;6;4;4;4;5;4;6;4;4;4;4;5;5;4;4;3;6;6;5;5;4;4;4;5;4;4;4;5;4;5;5;4;4;5;4;5;6;5;4;5;5;6;5;7;6;6;6;5;6;5;5;6;5;6;6;6;4;4;4;4;4;4;5;6;5;4;5;3;4;3;5;6;5;3;2;2;2;2;3;4;3;2;3;2;2;3;2;3;2;6;2;90;12;8;0;1;0;0;0;0;0
7;7;7;6;6;7;6;6;6;7;7;7;7;2;7;7;7;7;7;7;7;7;7;5;6;7;7;6;7;7;7;7;7;7;7;7;7;7;6;7;7;7;7;1;1;7;7;3;1;7;7;7;6;7;6;2;2;6;7;7;7;7;7;7;7;1;1;1;1;1;1;1;1;1;1;2;7;6;7;7;6;7;7;7;7;7;7;7;7;7;7;6;6;5;7;7;7;7;7;7;7;7;7;7;7;7;7;7;5;7;7;7;7;7;7;7;7;7;7;7;7;6;6;6;7;7;7;5;6;6;7;7;7;6;6;5;5;5;6;6;6;6;6;6;3;3;4;4;4;4;5;7;7;6;6;6;7;7;7;7;7;2;100;40;20;0;0;0;0;0;1;0
7;4;6;6;7;5;5;4;6;6;6;7;7;7;6;5;6;6;6;6;2;6;6;5;4;6;5;6;6;6;6;7;6;6;4;6;6;7;6;6;6;7;7;7;1;6;6;6;4;6;6;6;6;5;6;5;2;3;2;4;7;7;7;7;7;5;4;6;6;6;4;6;6;6;6;6;6;6;6;7;7;7;6;6;5;7;6;6;5;6;5;4;6;5;4;5;6;7;6;6;7;7;7;7;7;6;6;2;2;2;2;2;6;2;6;6;6;6;6;6;6;5;5;6;5;5;5;7;7;7;7;7;7;3;2;2;4;2;6;4;4;6;5;5;4;3;2;3;3;3;4;3;4;4;4;4;5;5;5;6;26;2;90;10;15;0;0;0;1;0;0;0
5;6;5;5;6;4;5;5;6;5;4;6;4;6;6;7;4;6;7;7;5;4;4;6;3;5;4;6;6;6;7;6;7;7;7;7;7;7;7;7;7;6;5;7;3;7;7;6;4;7;6;6;5;5;5;4;2;4;2;3;6;6;4;6;7;5;4;4;6;6;6;6;6;6;6;6;6;6;6;6;6;6;6;6;6;7;6;6;6;6;7;5;6;4;5;6;6;7;7;7;7;7;7;7;7;7;7;6;6;5;5;6;6;7;7;7;7;7;7;7;7;7;7;7;7;7;6;4;4;5;5;5;5;4;4;4;4;4;6;6;6;5;5;5;4;3;3;4;4;4;4;7;7;7;4;4;4;4;6;6;7;2;60;6;19;0;0;0;0;1;0;0
6;6;6;6;5;6;5;5;6;5;5;5;5;4;6;7;6;5;6;5;6;7;6;6;4;6;5;5;7;7;7;7;7;7;6;5;5;5;6;6;6;4;5;5;3;5;4;6;6;6;6;6;6;6;6;6;5;6;2;6;4;6;3;6;6;5;5;5;5;5;5;4;4;4;4;4;5;5;5;5;5;5;5;5;5;5;5;5;5;5;5;5;5;5;5;5;5;4;4;4;4;4;4;4;4;4;4;5;5;5;5;5;5;5;4;4;4;4;4;4;4;4;4;4;4;4;4;5;5;5;5;5;5;5;5;5;5;5;5;5;5;5;5;5;4;4;4;4;4;4;3;5;5;5;5;5;5;5;5;5;8;2;100;8;20;0;0;0;0;0;1;0
5;5;2;7;1;7;3;1;3;5;2;6;2;7;3;6;2;6;7;7;2;6;4;1;1;1;1;2;5;1;6;5;6;7;5;5;5;4;6;5;3;6;6;3;4;7;7;6;7;6;7;6;6;7;4;6;6;6;6;4;6;7;7;7;6;6;7;7;2;1;5;2;2;7;6;7;6;6;2;5;7;7;6;2;2;1;1;7;6;7;3;2;1;1;1;2;1;6;6;4;7;1;5;2;1;1;7;1;7;7;1;1;6;1;6;7;7;2;1;2;2;6;6;7;1;1;2;3;2;2;2;6;6;2;2;5;7;1;7;3;6;6;6;6;5;2;3;4;4;4;5;2;6;2;4;6;7;3;2;6;14;2;50;10;16;0;0;0;0;1;0;0
7;6;6;6;5;6;3;6;6;7;5;7;7;7;7;7;4;7;7;7;6;6;6;7;3;7;7;6;7;6;7;7;6;7;7;6;6;6;6;5;5;6;7;6;6;7;7;7;6;6;6;6;5;5;6;4;2;5;2;5;6;7;6;7;7;7;6;6;7;5;3;7;6;7;7;7;7;7;7;7;6;7;7;6;7;7;5;7;7;7;7;6;6;6;6;6;6;7;7;7;7;5;7;7;6;7;7;6;6;6;5;6;7;7;7;7;7;5;7;7;7;7;6;7;7;7;7;5;5;5;5;5;6;6;6;5;5;5;7;7;7;7;5;5;5;5;4;4;4;4;5;6;6;6;5;5;7;6;4;7;20;2;80;15;12;0;0;1;0;0;0;0
7;6;5;5;2;3;2;1;6;6;6;6;6;6;7;4;4;4;5;5;4;5;5;3;6;6;3;2;4;4;5;4;3;2;1;4;5;5;6;6;6;6;6;6;2;7;7;5;6;6;5;6;3;3;5;5;4;6;4;4;6;6;5;6;7;2;2;2;5;4;3;2;4;4;4;4;4;4;6;6;5;5;4;4;4;4;4;4;4;4;4;2;2;2;2;2;3;4;5;5;5;5;5;5;5;5;4;3;3;3;3;3;3;3;5;5;5;2;4;3;4;4;4;4;4;4;5;4;2;6;6;5;6;4;4;4;4;4;3;3;3;3;3;4;4;4;3;2;2;2;4;3;6;6;3;3;3;3;4;5;35;2;75;200;8;0;1;0;0;0;0;0
7;4;5;6;6;6;7;5;5;5;6;7;6;7;6;5;5;6;5;6;7;6;6;5;5;6;5;6;7;7;6;7;7;7;7;6;6;6;6;5;5;6;7;7;2;7;6;7;6;6;6;6;3;7;6;4;2;4;3;4;7;6;6;6;6;2;6;2;4;6;4;4;6;6;6;6;1;1;1;7;5;6;6;6;6;7;7;7;6;6;6;7;6;5;5;6;5;7;5;6;6;7;5;5;6;5;7;4;6;5;5;6;6;7;7;6;5;5;7;7;5;7;7;7;7;7;7;7;6;6;6;5;5;4;4;4;5;5;6;5;5;6;6;5;2;2;3;5;4;4;4;7;6;4;3;3;4;6;6;6;14;2;100;2;20;0;0;0;0;0;1;0
3;3;5;7;7;7;7;6;5;3;6;2;4;7;6;7;7;4;7;5;2;7;6;2;6;7;4;6;4;6;7;1;2;6;2;5;5;4;7;6;2;3;3;2;1;7;7;6;7;6;7;6;5;4;5;5;7;4;7;2;2;6;7;7;7;1;7;7;1;2;7;1;5;7;5;6;7;4;7;7;6;6;6;4;6;7;6;7;3;7;7;4;7;7;4;7;6;6;7;5;2;7;6;4;6;4;2;7;7;7;6;5;6;7;7;7;6;6;6;7;6;6;5;6;7;7;6;7;4;6;7;6;4;6;4;5;6;7;7;5;6;7;4;6;3;5;4;4;3;3;4;7;6;6;2;4;7;2;7;6;12;2;97;6;4;1;0;0;0;0;0;0
7;6;6;7;1;5;2;6;7;6;2;6;3;4;6;7;3;6;6;6;7;7;5;6;6;5;6;6;7;5;6;5;4;7;2;7;2;4;6;7;6;6;6;6;6;7;7;5;7;6;6;6;7;7;7;1;2;2;1;1;6;7;2;7;6;7;7;7;7;1;6;6;2;6;6;6;7;6;7;7;7;6;6;6;6;2;2;6;6;6;7;6;6;6;6;4;4;7;6;5;7;6;7;6;1;5;6;2;1;1;6;6;6;6;7;7;7;4;6;6;6;6;5;6;5;6;6;7;2;2;4;7;7;5;6;6;7;6;7;2;6;7;7;7;3;2;2;5;5;3;4;6;2;1;3;5;7;7;7;6;21;2;90;17;17;0;0;0;0;1;0;0
7;5;7;7;3;3;5;5;5;7;5;7;7;7;7;7;5;6;7;7;6;6;6;7;6;7;6;6;7;6;5;7;4;5;7;7;7;7;7;7;7;5;5;3;2;7;7;6;6;6;6;6;6;6;6;4;2;4;2;4;7;7;7;7;7;1;6;1;1;1;1;7;7;6;6;6;7;7;6;7;5;6;6;6;6;5;6;6;6;6;6;6;4;5;5;5;5;6;6;6;6;6;6;6;6;6;6;2;4;4;2;5;6;6;7;6;6;6;6;6;6;6;6;7;7;7;7;6;6;6;6;6;5;4;4;4;4;4;5;5;5;5;4;5;2;2;3;3;3;3;3;7;5;5;6;6;7;6;6;5;15;2;60;8;24;0;0;0;0;0;0;1
7;7;7;7;5;7;6;7;7;7;7;7;7;7;7;7;7;7;7;7;7;7;7;7;6;7;7;7;7;7;7;7;5;7;7;7;7;5;7;5;5;5;7;7;1;7;7;5;6;5;5;5;6;6;7;5;1;6;4;5;5;5;6;5;5;1;6;1;1;2;6;6;6;6;6;6;6;6;4;6;6;6;6;6;6;6;7;7;7;7;7;7;7;5;7;7;7;7;7;7;7;7;7;7;7;7;7;7;4;2;4;6;3;5;6;6;6;6;6;6;6;6;6;6;6;6;6;6;6;6;6;6;6;5;5;5;5;5;6;6;6;6;6;6;4;3;4;4;4;4;5;7;7;7;7;7;7;7;7;7;24;2;30;25;12;0;0;1;0;0;0;0
7;7;6;6;4;7;6;6;4;6;5;6;6;7;6;7;6;6;6;6;6;6;6;6;4;4;6;6;7;6;7;6;6;7;5;5;5;5;5;5;5;6;7;7;2;7;7;6;1;6;7;6;6;5;5;2;2;6;1;2;6;7;7;7;7;5;7;6;6;1;6;6;6;6;7;7;6;6;3;7;6;6;7;6;6;7;7;7;6;6;6;7;6;6;7;6;7;6;2;2;4;6;6;6;4;4;4;1;2;4;4;6;6;4;6;6;6;6;6;6;6;6;7;6;6;7;7;7;7;7;7;7;7;3;4;3;1;2;6;7;7;5;5;4;3;4;3;3;3;3;3;6;6;6;5;5;6;7;6;7;25;2;90;20;14;0;0;0;1;0;0;0
7;5;7;6;5;5;6;3;6;7;6;6;6;6;6;7;7;7;7;7;6;7;7;6;5;6;5;6;6;7;6;7;7;7;7;5;6;5;6;5;5;7;7;7;3;7;6;5;6;5;5;5;7;5;7;7;5;6;4;6;7;7;6;6;6;3;6;2;5;4;4;6;6;5;6;6;6;5;7;6;5;6;6;6;6;5;6;4;6;6;5;4;4;4;5;5;5;6;6;5;6;6;7;7;4;6;7;2;4;4;4;4;6;4;6;6;6;6;6;6;5;5;5;6;6;6;6;7;7;7;7;7;7;5;6;5;5;6;5;5;5;5;6;5;5;5;4;5;5;5;5;7;7;7;7;7;7;5;7;6;4;2;40;75;6;0;1;0;0;0;0;0
7;7;6;6;6;7;6;6;6;6;6;7;6;7;7;5;5;6;6;5;7;7;7;6;7;6;6;7;6;6;7;6;7;7;6;7;6;7;6;7;7;6;7;7;4;7;6;7;6;6;6;7;6;7;6;6;6;6;5;6;6;6;6;6;7;6;5;3;6;5;3;3;6;6;6;6;5;4;5;6;6;6;6;5;6;6;5;6;6;6;6;5;5;6;6;5;6;6;6;6;6;6;6;6;7;5;5;5;4;5;4;5;6;4;6;6;6;7;5;6;6;7;7;7;7;6;6;7;7;7;7;7;7;4;4;4;4;4;5;4;5;6;7;7;3;3;3;4;4;3;4;5;6;4;3;3;5;4;5;6;26;2;30;15;21;0;0;0;0;0;1;0
6;1;7;7;6;7;6;7;7;6;6;7;6;7;7;4;4;5;6;5;5;6;6;7;6;7;7;7;6;7;7;5;7;6;6;6;6;7;6;6;5;7;7;6;7;7;7;6;7;6;6;6;6;5;7;6;6;6;6;2;7;7;7;7;7;7;7;1;7;1;1;7;7;7;5;7;6;6;2;7;7;7;7;7;7;7;7;7;7;7;7;7;1;7;7;7;6;7;7;6;6;6;7;7;7;7;7;1;1;1;7;7;7;7;7;7;7;7;6;7;7;7;7;7;6;6;2;6;7;7;7;7;4;1;2;1;6;2;6;6;6;2;1;1;3;2;2;3;3;3;4;2;7;7;2;2;7;7;2;7;20;2;95;5;20;0;0;0;0;0;1;0
5;5;6;7;5;6;6;4;5;6;4;6;6;6;7;7;6;7;7;7;5;6;5;6;4;6;6;6;7;6;7;7;7;7;6;6;5;4;6;7;6;2;2;2;2;7;7;4;5;3;3;4;4;5;5;7;6;7;2;7;4;6;3;6;5;1;7;7;5;2;6;7;5;7;7;7;7;7;7;7;7;7;7;7;7;7;7;7;7;7;7;7;7;7;7;7;7;7;7;5;3;6;7;7;2;7;7;7;4;6;6;6;4;7;7;7;5;5;7;7;6;7;5;6;6;6;6;7;7;7;7;7;7;4;6;3;6;4;5;5;5;4;4;4;4;4;4;4;4;4;3;7;7;7;7;7;7;7;7;7;7;2;80;12;8;0;1;0;0;0;0;0
7;6;7;6;6;6;6;4;6;7;6;7;7;7;7;6;4;6;5;6;5;7;7;7;7;7;7;7;7;7;7;7;7;7;7;7;7;7;7;7;7;6;6;6;2;7;7;6;7;7;7;7;6;6;6;4;4;4;4;4;7;7;1;7;7;5;5;5;5;5;6;7;7;7;7;7;7;7;7;7;7;7;7;7;7;7;7;7;7;7;7;6;7;7;7;7;7;7;5;5;7;7;7;7;7;7;7;7;7;7;7;7;5;7;7;7;7;1;7;7;7;7;7;7;7;7;7;7;7;7;7;7;7;6;7;5;7;6;7;7;7;7;7;7;5;5;5;5;5;5;4;7;7;7;5;5;1;7;5;6;60;2;80;15;2;0;0;0;0;0;0;1
7;5;7;7;2;6;4;5;2;6;4;5;6;7;6;7;6;6;7;7;4;7;6;6;6;5;6;5;7;5;7;7;7;7;6;5;6;5;7;6;6;6;6;6;7;7;7;5;6;4;5;5;6;6;5;4;7;7;7;7;2;6;2;6;7;2;1;1;1;2;4;3;3;2;3;2;5;5;7;6;6;6;6;6;7;7;6;5;6;6;6;3;3;4;4;3;3;5;6;5;6;5;7;7;5;5;6;2;2;5;2;3;3;4;4;3;3;4;4;4;5;5;4;6;6;7;7;5;5;5;6;5;7;3;5;4;2;3;6;5;6;3;2;3;4;4;4;4;4;4;4;7;6;6;5;5;5;6;6;6;30;2;1;1;20;0;0;0;0;0;1;0
7;4;7;7;6;7;7;3;7;7;7;7;7;7;7;7;6;7;7;6;6;7;7;6;7;6;7;7;6;5;7;7;7;7;7;7;7;7;4;5;7;7;7;6;1;7;7;7;7;6;6;7;7;7;7;6;1;6;7;7;7;7;7;7;7;1;7;4;1;2;4;6;7;7;7;7;7;7;7;7;6;7;7;7;7;7;7;7;7;7;7;6;6;6;7;7;7;6;7;7;6;7;7;7;7;6;7;7;7;7;7;6;3;7;7;6;5;7;7;7;7;7;6;7;7;6;7;7;7;7;7;7;7;5;7;5;7;7;7;7;7;7;7;7;5;5;5;5;2;5;3;7;6;6;2;2;5;5;7;7;7;2;100;7;10;0;1;0;0;0;0;0
4;6;6;6;7;7;7;7;7;6;6;6;6;6;6;5;4;4;4;5;3;5;3;2;4;5;7;6;6;4;6;6;6;7;4;3;7;6;7;6;6;7;7;7;2;6;7;5;7;5;5;4;2;6;6;7;6;6;7;7;7;7;6;6;7;4;2;5;2;4;2;3;2;6;4;5;5;3;5;6;7;6;6;7;6;5;7;7;5;4;6;7;5;4;6;6;6;6;6;5;6;7;6;7;7;5;4;4;4;5;4;5;5;6;6;6;7;6;6;7;7;7;7;7;7;7;7;7;6;7;7;7;7;7;6;5;5;5;7;7;7;6;6;4;4;5;2;3;4;3;4;5;4;6;3;3;6;4;6;6;12;2;50;6;24;0;0;0;0;0;0;1
7;7;7;6;7;7;5;7;7;7;7;7;7;7;7;7;7;7;7;7;7;7;7;7;7;7;7;7;7;7;7;7;7;7;7;7;7;7;7;7;7;7;7;7;1;7;7;7;7;7;7;7;7;7;7;7;5;7;4;7;7;7;6;7;7;7;7;1;7;7;7;7;7;7;7;7;7;7;7;7;7;7;7;7;7;7;7;7;7;7;7;7;7;7;7;7;7;7;7;7;7;7;7;7;7;7;7;7;7;7;7;7;7;7;7;7;7;7;7;7;7;7;7;7;7;7;7;7;7;7;7;7;7;7;7;7;7;7;7;7;7;7;6;7;5;5;5;5;5;5;4;7;7;7;7;7;7;7;7;7;10;2;95;5;20;0;0;0;0;0;1;0
7;5;6;6;6;4;5;5;5;6;6;6;6;7;6;7;7;6;7;6;5;6;6;5;5;5;5;5;6;6;6;7;6;7;7;6;6;6;6;6;5;6;6;7;5;7;7;6;7;7;7;6;6;6;5;6;5;6;5;6;6;6;6;6;7;1;1;1;1;1;1;4;2;2;2;2;7;6;6;7;6;7;6;6;6;5;5;6;6;5;6;6;6;6;6;6;6;6;6;6;6;6;6;6;6;6;6;4;4;4;4;4;6;4;7;7;7;6;6;6;6;5;5;6;6;6;6;3;3;3;3;3;3;4;3;3;3;3;4;3;3;5;5;5;2;2;3;2;2;2;4;6;4;5;6;5;5;5;6;5;6;2;99;5;23;0;0;0;0;0;0;1
6;6;3;6;2;4;4;5;5;4;4;5;4;2;4;5;6;6;6;4;3;4;2;6;4;3;5;6;7;5;7;7;7;5;6;3;5;4;5;5;5;7;7;7;2;7;6;5;7;5;5;5;6;6;5;6;6;7;7;6;5;5;6;6;6;7;7;7;7;7;7;5;6;6;5;5;6;7;5;7;6;6;5;5;6;6;5;6;7;5;6;5;5;5;6;6;6;5;6;6;5;6;7;6;3;6;5;5;3;2;1;6;7;2;6;6;6;3;5;5;5;6;6;6;6;6;6;5;3;5;5;5;4;1;2;1;2;2;2;2;2;2;2;5;5;5;4;4;3;4;6;6;7;6;6;7;7;7;7;6;120;2;60;1000;21;0;0;0;0;0;1;0
7;5;6;1;1;1;4;2;4;5;1;6;5;7;6;5;5;6;6;7;6;6;6;6;5;6;6;6;7;6;6;6;3;6;4;6;6;6;5;6;6;6;6;6;4;6;6;6;5;6;5;5;5;5;5;3;4;4;4;3;6;6;6;6;5;4;6;6;6;4;5;5;5;6;6;6;6;6;3;6;6;5;5;5;5;5;3;6;6;6;5;5;5;5;5;5;5;6;6;6;6;6;6;6;6;6;5;4;3;4;3;4;5;4;5;5;5;4;4;5;5;5;5;6;5;5;5;5;5;5;5;5;5;5;5;4;4;4;4;3;3;6;5;5;3;3;4;3;4;3;3;5;4;4;3;4;5;6;6;6;29;2;40;12;14;0;0;0;1;0;0;0
7;4;5;6;4;2;2;5;5;6;4;5;5;7;6;7;6;7;7;7;3;5;5;3;4;4;4;5;6;5;7;7;7;7;6;5;6;6;5;6;6;3;6;5;2;6;6;6;4;6;6;6;6;6;5;5;6;5;4;5;6;6;3;6;5;5;5;3;5;3;3;2;2;2;2;2;6;5;6;7;6;7;6;6;6;6;4;4;6;4;6;5;5;4;4;5;5;6;6;6;7;6;7;7;5;6;6;6;6;5;5;6;6;6;6;6;6;6;6;7;6;6;6;6;6;5;5;5;4;4;4;4;5;6;6;5;6;6;5;6;5;5;6;5;3;4;3;4;3;3;4;5;5;4;3;3;7;5;3;5;14;2;90;10;20;0;0;0;0;0;1;0
5;5;2;2;2;3;2;6;2;6;5;5;3;5;5;7;7;6;7;5;3;2;2;3;3;2;3;3;2;5;4;5;2;5;5;6;7;6;6;6;3;4;5;6;6;4;4;4;6;5;3;4;5;3;2;6;6;5;5;6;6;5;7;6;6;3;6;4;6;5;2;5;4;3;4;4;6;5;5;5;6;6;4;2;3;4;4;2;4;4;2;2;3;3;4;3;3;5;6;6;5;3;4;3;2;2;6;2;1;2;3;5;6;3;5;4;6;3;3;4;3;4;2;4;3;3;4;1;2;6;2;2;3;3;2;2;3;3;3;5;5;3;2;4;1;5;2;2;2;1;6;6;5;6;4;4;7;3;2;6;75;2;30;10;5;1;0;0;0;0;0;0
7;2;6;7;2;3;1;6;5;7;6;6;7;7;7;7;7;7;7;7;7;5;7;7;7;6;4;6;6;7;7;5;3;7;2;6;5;6;4;4;3;2;7;6;6;6;4;5;6;4;3;4;1;4;2;7;7;7;7;6;5;3;5;4;4;2;6;7;7;1;7;3;5;4;4;2;5;6;7;7;6;5;7;7;7;6;2;6;7;7;7;3;7;2;6;4;6;6;6;6;6;7;7;7;3;2;4;4;3;6;4;4;7;6;3;7;6;7;7;6;6;6;6;4;6;6;5;2;2;2;2;5;7;3;1;1;6;4;4;3;4;5;3;3;3;4;4;4;2;2;4;6;7;7;6;5;7;7;7;7;50;2;90;5;20;0;0;0;0;0;1;0
7;7;7;7;7;7;7;7;7;7;7;7;7;7;7;7;5;7;7;7;7;7;7;7;7;7;7;5;7;7;7;7;7;7;7;7;7;7;7;7;7;7;7;7;5;7;7;5;5;7;6;7;6;5;6;3;2;3;1;6;4;7;3;7;5;2;3;4;4;2;3;3;2;1;2;1;6;6;6;7;6;6;7;7;7;7;7;7;7;7;7;6;5;5;6;5;5;7;7;7;7;7;7;7;7;7;7;7;7;7;7;7;7;7;7;7;7;5;6;7;7;7;6;7;7;7;7;7;7;7;7;7;7;5;7;5;5;5;7;6;6;7;7;7;5;5;4;5;5;5;4;7;7;6;4;5;6;5;3;7;7;2;85;20;20;0;0;0;0;0;1;0
7;7;7;7;5;7;7;7;6;7;7;7;7;7;7;7;7;7;7;7;7;7;7;7;7;7;7;7;7;7;7;7;7;7;7;7;7;7;7;7;7;7;7;7;7;7;7;7;7;7;7;7;7;7;7;5;2;5;1;5;7;7;4;7;7;1;1;1;1;1;5;7;7;7;7;3;7;7;7;7;7;7;7;7;7;7;7;7;7;7;7;7;7;7;7;7;7;7;7;7;7;7;7;7;7;7;7;7;7;7;7;7;7;7;7;7;7;7;7;7;7;7;6;7;7;7;7;7;7;7;7;7;7;6;6;6;6;6;6;7;7;7;7;7;3;5;4;5;5;5;5;6;7;7;7;7;7;7;7;7;48;2;95;6;14;0;0;0;1;0;0;0
5;6;7;7;6;6;3;6;6;5;4;5;6;6;5;7;7;7;7;6;6;7;6;4;4;6;6;6;6;7;6;6;7;7;6;5;5;5;5;5;5;6;6;6;3;7;7;5;5;5;5;4;5;5;4;6;5;5;5;5;7;6;6;7;7;2;6;1;2;2;6;6;6;7;5;6;6;7;7;6;6;6;6;6;6;6;6;6;7;7;7;6;6;7;6;6;6;6;6;6;6;6;6;5;6;6;6;6;6;5;6;6;6;6;6;6;6;6;6;6;6;5;5;6;6;6;5;3;6;6;6;6;4;6;6;5;5;6;5;3;6;3;4;5;4;5;4;5;5;4;4;6;6;5;2;2;6;6;2;2;17;2;40;6;5;1;0;0;0;0;0;0
6;6;4;6;6;7;4;4;5;5;3;5;5;4;5;7;7;7;7;7;5;4;6;5;4;6;4;4;4;6;6;4;4;7;4;5;6;6;6;6;7;6;6;6;4;4;6;3;4;4;4;5;7;7;5;3;2;5;4;4;3;5;5;5;5;4;7;7;5;6;4;6;6;6;5;6;6;6;4;6;4;4;5;4;4;5;5;5;6;7;7;4;6;5;5;5;4;6;6;6;6;4;6;6;5;5;5;7;6;4;5;5;4;6;6;4;5;6;5;6;4;6;6;6;6;6;6;4;5;5;5;5;5;5;5;4;4;5;5;6;7;6;6;5;3;3;2;3;3;2;4;6;3;6;4;4;6;7;7;7;55;2;50;5;5;1;0;0;0;0;0;0
5;3;6;4;5;3;4;3;3;6;5;6;5;2;5;6;5;6;6;6;4;4;4;5;5;6;5;5;6;6;6;6;6;6;6;5;5;5;5;4;4;6;6;6;2;6;5;4;5;5;5;5;3;5;5;4;5;4;4;4;7;6;2;7;6;2;2;2;2;6;2;3;3;3;3;2;4;6;4;5;6;5;5;5;5;5;4;4;6;5;5;5;3;5;5;5;4;5;5;5;3;6;5;5;6;5;4;5;5;5;5;5;5;6;4;6;6;5;4;4;6;5;5;6;6;6;6;6;6;6;6;6;6;4;5;4;3;5;5;6;6;5;5;5;3;4;2;3;3;2;4;6;6;6;4;5;7;4;6;5;9;2;96;9;20;0;0;0;0;0;1;0
5;7;5;7;5;5;5;4;5;5;1;7;5;5;7;7;7;7;5;6;5;7;6;7;4;6;7;7;7;4;7;7;5;7;7;4;2;3;3;4;4;7;5;7;1;5;5;4;4;4;4;4;4;4;4;4;4;7;4;1;7;4;4;6;6;4;2;7;1;7;1;3;3;4;6;6;2;2;2;7;3;3;7;7;5;2;5;6;6;6;6;6;5;5;5;3;2;7;5;5;6;7;7;7;7;6;6;5;3;3;3;3;6;3;6;6;6;6;6;6;6;6;6;6;6;6;6;7;7;6;6;6;6;5;5;5;5;5;7;5;5;6;6;6;4;3;3;3;4;3;4;5;3;3;3;3;6;6;6;6;38;2;60;15;14;0;0;0;1;0;0;0
7;7;7;7;6;4;4;7;6;7;7;7;7;7;7;7;7;7;7;7;7;7;7;7;5;5;5;5;7;7;7;7;7;7;7;7;7;7;7;7;7;4;7;4;7;7;7;7;7;7;7;7;7;7;7;4;4;4;4;4;7;7;7;7;7;7;7;7;7;7;7;7;7;7;7;7;7;7;7;7;7;7;7;7;7;4;4;4;7;7;4;7;7;7;7;7;7;7;7;7;7;7;7;7;7;7;7;7;7;7;7;7;7;7;7;7;7;7;7;7;7;7;7;7;7;7;7;4;4;4;4;4;4;4;4;4;4;4;4;4;4;4;4;4;4;5;5;4;4;4;4;7;4;4;4;4;7;4;4;4;21;2;75;15;21;0;0;0;0;0;1;0
7;6;7;7;3;5;2;4;5;6;5;6;6;6;6;7;6;6;6;6;3;7;6;6;4;6;5;5;7;6;6;7;7;7;6;6;6;7;6;6;5;6;6;6;6;7;7;6;6;5;6;6;6;6;6;6;6;5;6;5;6;6;6;6;7;3;4;2;4;2;2;5;6;6;6;6;6;6;6;7;6;6;6;5;6;6;5;6;6;5;6;6;4;4;6;6;6;6;6;6;6;6;6;6;6;6;5;5;5;5;5;5;5;6;6;6;6;6;6;6;6;6;6;6;6;6;6;5;6;5;5;5;5;5;6;5;5;5;5;5;5;6;6;6;3;3;4;4;4;4;5;5;6;5;4;4;5;7;7;6;3;2;20;5;8;0;1;0;0;0;0;0
3;2;1;2;2;5;6;4;3;4;1;2;3;7;5;7;7;7;7;5;2;5;5;2;2;5;1;5;4;1;5;1;5;7;1;5;6;6;6;7;2;5;5;6;1;7;6;6;6;6;7;6;6;7;7;7;6;7;3;6;7;4;7;7;7;6;1;1;6;7;2;2;6;1;3;2;5;3;2;5;5;5;5;6;6;5;6;5;6;6;6;3;6;5;5;5;5;6;6;5;2;5;5;5;5;6;6;6;7;7;7;7;7;7;7;7;6;1;6;6;6;6;6;6;6;6;6;6;6;6;7;6;6;5;5;2;2;3;2;2;5;6;5;6;2;3;5;3;2;2;4;5;7;6;6;6;7;6;6;6;12;2;70;20;4;1;0;0;0;0;0;0
2;5;5;5;3;3;3;5;5;3;5;3;3;5;3;3;3;3;3;3;5;5;5;5;3;5;5;5;6;6;6;5;5;6;6;5;4;4;4;4;5;3;3;5;3;3;3;3;4;3;3;3;5;4;4;5;5;5;5;5;5;3;4;3;3;5;3;3;5;3;3;5;5;4;3;3;3;3;3;5;5;3;3;3;3;2;2;2;3;3;2;5;5;4;5;4;5;3;3;3;3;3;3;3;3;3;3;2;2;2;2;2;6;2;3;3;3;3;3;3;3;5;5;5;4;4;3;2;2;2;2;2;2;2;2;2;2;2;3;3;3;2;2;3;3;2;4;3;2;3;3;3;3;5;5;4;5;4;4;4;10;2;50;6;4;1;0;0;0;0;0;0
5;5;4;5;5;2;2;5;4;3;4;4;4;4;4;4;4;4;4;4;4;5;4;4;5;4;5;4;4;5;4;5;4;5;4;3;4;4;4;5;4;4;5;4;4;5;5;4;3;5;4;5;4;5;5;5;3;4;4;5;4;5;3;5;5;3;3;3;3;3;3;4;4;3;5;4;4;4;5;4;4;5;4;5;4;4;4;5;4;5;5;5;5;4;4;5;4;4;4;4;4;4;4;4;4;3;3;4;5;5;4;5;4;5;4;4;5;4;5;5;4;6;7;5;5;5;5;5;5;6;6;5;5;5;5;5;5;4;4;4;5;4;4;5;5;5;5;5;5;5;5;5;5;4;5;5;4;5;6;5;50;2;40;10;5;1;0;0;0;0;0;0
7;3;7;7;4;7;7;7;7;7;6;7;7;7;7;7;7;7;7;7;7;7;7;7;3;7;7;7;7;2;7;7;5;7;3;3;5;2;7;2;3;3;4;3;4;6;6;4;4;4;4;4;7;7;7;4;5;5;6;5;5;3;3;4;3;1;7;7;4;1;1;1;2;4;7;7;4;2;3;7;7;7;7;7;7;5;5;6;7;7;4;7;7;7;7;7;7;7;7;7;7;7;7;7;7;7;7;5;4;4;4;6;6;6;7;7;7;7;7;7;7;5;5;5;6;6;6;5;5;5;5;5;5;3;3;2;4;4;4;4;4;4;4;4;3;3;3;3;3;3;3;6;6;6;4;4;7;7;7;7;12;2;98;8;20;0;0;0;0;0;1;0
6;5;6;5;5;5;6;5;6;6;6;7;7;7;7;7;6;7;7;7;5;6;6;6;7;6;6;6;7;7;7;7;7;7;7;7;7;7;7;7;7;7;7;7;1;7;7;7;6;7;6;7;6;6;6;4;2;5;2;3;7;7;6;7;7;2;3;3;3;1;4;6;6;6;7;7;6;6;7;7;7;6;6;6;6;6;6;6;6;6;6;6;6;6;6;6;6;7;7;7;7;6;7;7;6;6;7;7;6;7;7;7;5;6;7;7;7;6;6;6;6;7;7;6;6;6;7;6;7;7;7;7;7;5;6;6;7;6;7;5;6;7;6;7;5;4;4;4;4;4;4;6;6;3;3;4;7;7;7;7;60;2;30;6;8;0;1;0;0;0;0;0
4;5;6;5;5;7;5;6;7;4;3;5;5;6;6;7;7;6;6;5;4;5;5;3;5;3;3;5;5;5;5;2;4;7;2;6;6;6;4;5;5;4;4;4;3;6;5;5;7;6;5;6;3;6;4;5;5;5;5;6;2;5;3;6;5;1;7;5;1;1;6;1;3;5;3;5;3;3;2;7;5;5;3;5;5;6;6;3;4;3;4;3;5;3;5;4;4;5;6;4;3;6;3;3;5;2;2;2;5;5;5;4;6;4;2;4;5;3;5;2;5;2;2;5;2;2;4;3;5;5;3;3;5;5;6;5;6;5;6;6;6;3;6;4;3;4;4;3;3;4;3;6;7;6;3;2;2;2;6;5;10;2;30;5;20;0;0;0;0;0;1;0
5;6;4;6;2;5;2;6;5;4;6;7;6;6;6;5;3;5;5;6;2;2;5;7;2;2;3;6;6;6;6;4;5;7;4;6;4;6;7;6;6;6;7;7;5;6;7;6;6;6;6;6;5;5;4;6;6;5;4;5;7;6;6;7;6;2;7;6;6;4;7;7;6;6;5;6;6;4;6;6;4;6;5;6;6;3;4;6;6;5;5;4;5;5;5;5;5;6;6;7;7;6;6;7;5;6;6;4;5;6;4;5;6;6;5;5;4;6;6;5;5;6;6;6;6;6;6;1;4;2;2;2;2;3;6;3;1;4;4;6;6;5;6;6;4;4;3;4;4;4;4;4;5;2;1;3;6;5;7;3;21;2;95;5;4;1;0;0;0;0;0;0
6;7;6;6;2;2;7;7;6;6;6;7;7;7;7;7;6;7;7;7;4;5;4;5;4;4;4;6;6;6;6;4;4;7;4;6;6;6;7;6;6;4;7;4;5;6;6;6;6;6;6;6;6;6;6;5;2;6;1;5;5;6;5;6;7;1;7;7;1;1;1;1;4;6;6;5;6;6;6;5;6;6;7;4;6;1;1;3;7;6;6;3;4;4;4;4;4;7;7;7;7;1;7;7;6;7;7;7;5;7;7;5;7;7;7;7;7;6;6;6;6;5;4;5;5;5;6;4;4;4;4;4;4;5;5;5;5;5;5;5;5;4;6;5;3;5;2;5;5;3;5;7;7;7;1;7;4;6;6;6;30;2;80;14;5;1;0;0;0;0;0;0
6;6;5;5;5;6;5;5;5;5;5;4;4;4;5;5;5;4;5;3;3;3;3;4;6;6;4;5;3;4;4;3;3;6;3;6;5;4;3;5;6;5;4;4;2;5;5;5;5;5;5;5;5;5;6;6;5;6;5;5;6;6;5;6;6;4;1;1;4;5;5;2;3;1;2;2;6;4;5;6;5;5;5;5;4;6;6;5;5;4;4;4;4;6;6;6;6;5;5;5;4;4;6;5;5;6;4;3;6;5;4;5;7;5;6;5;5;6;2;4;4;5;4;4;4;3;5;6;6;6;6;6;6;5;6;6;6;6;4;4;6;7;6;6;3;3;4;2;2;2;3;6;6;4;4;5;6;6;7;7;10;2;75;9;9;0;1;0;0;0;0;0
6;5;5;5;6;6;5;4;5;5;4;5;5;7;6;4;4;5;5;4;5;4;4;4;5;5;3;4;5;4;5;5;4;5;4;4;4;4;4;4;4;4;4;4;4;4;4;5;6;5;5;5;5;5;5;5;5;4;4;5;5;5;5;5;5;3;4;3;3;3;3;4;4;4;4;4;4;4;4;4;4;4;4;4;4;5;6;6;5;4;5;4;4;4;4;4;4;4;4;4;4;4;4;4;4;4;4;5;5;5;5;5;5;6;5;5;4;5;5;5;5;4;4;4;4;4;4;4;5;5;5;5;5;5;5;5;5;5;4;4;4;4;4;4;3;3;3;3;3;3;5;6;6;6;6;6;6;6;6;6;35;2;70;20;21;0;0;0;0;0;1;0
7;7;5;7;4;7;4;4;5;7;4;7;6;7;7;5;5;6;7;7;5;7;7;6;7;7;7;7;7;5;6;7;7;7;4;7;7;7;5;7;5;7;7;7;1;7;7;7;7;5;4;4;7;5;6;7;6;7;6;7;5;2;6;7;6;1;1;4;3;4;3;6;4;4;6;4;7;7;7;7;7;7;2;3;5;7;7;4;7;3;5;7;6;7;5;5;5;5;5;4;7;7;7;7;5;4;4;4;5;2;4;6;6;7;7;7;7;4;5;6;5;4;5;4;5;5;5;5;5;6;7;6;6;2;3;2;2;3;4;4;5;5;6;6;3;3;3;3;3;3;3;7;7;7;4;5;7;7;7;4;9;2;95;8;20;0;0;0;0;0;1;0
5;4;3;4;5;4;4;2;4;5;4;5;5;7;5;6;6;7;6;6;3;5;3;4;3;3;2;2;4;2;3;2;3;7;4;5;7;6;6;6;5;3;5;6;2;7;7;6;6;6;5;5;5;6;6;4;2;6;1;2;3;3;5;3;3;4;5;6;5;5;6;5;4;5;4;5;5;4;4;6;5;5;5;5;6;5;6;6;5;5;5;2;3;3;3;2;3;5;4;5;5;6;6;6;6;6;6;4;4;4;4;4;4;4;5;5;6;6;6;6;6;5;4;5;4;5;4;4;4;4;4;4;4;3;2;3;2;3;4;4;4;4;4;4;4;4;4;5;4;3;4;5;4;3;4;4;2;4;6;6;20;2;100;25;17;0;0;0;0;1;0;0
5;7;7;7;7;7;7;7;7;7;7;6;6;6;6;7;7;7;7;6;7;7;7;7;7;7;7;7;7;7;7;7;6;5;5;5;7;7;6;6;6;7;7;7;7;7;7;6;5;7;7;7;6;6;6;6;5;4;2;5;7;7;4;7;5;5;6;7;5;4;4;7;7;5;6;7;7;6;6;7;6;6;4;5;5;7;4;5;7;7;7;3;2;2;5;3;2;7;6;6;5;2;5;4;3;6;2;6;4;3;5;6;7;7;7;7;7;6;5;5;6;6;6;7;7;5;5;5;6;7;7;7;7;7;6;7;7;5;3;3;4;3;4;2;3;3;2;3;2;3;2;7;7;7;7;7;7;7;7;7;24;2;98;3;14;0;0;0;1;0;0;0
6;6;6;6;3;4;6;4;6;6;6;6;6;7;6;7;7;7;7;7;2;2;2;2;4;4;5;2;5;6;6;6;5;6;6;3;3;3;3;4;4;6;6;6;6;5;6;5;6;5;5;5;5;6;5;6;5;6;5;6;6;6;6;5;5;2;6;6;2;2;4;6;6;5;5;5;5;5;5;6;6;6;5;5;5;5;2;4;5;6;6;2;2;2;2;2;2;5;5;5;5;5;5;5;5;5;5;1;1;1;1;1;1;1;4;4;4;4;4;2;2;4;4;4;4;4;4;6;6;6;6;6;6;6;6;6;6;6;4;4;4;4;4;4;5;5;5;5;5;5;5;5;5;5;5;5;5;5;5;5;9;2;95;8;20;0;0;0;0;0;1;0
4;5;3;3;3;5;3;5;5;6;6;6;7;7;7;7;7;7;7;7;7;7;7;6;5;4;4;4;7;6;7;7;6;7;7;7;6;7;6;7;6;7;7;5;5;7;7;7;7;7;6;7;6;5;5;3;3;5;2;5;6;7;2;7;7;3;6;5;5;5;6;6;5;7;7;7;7;4;3;7;7;7;6;6;5;3;6;6;7;5;7;7;4;4;7;7;7;7;7;7;7;5;7;7;3;7;7;5;6;6;6;7;7;4;7;7;7;3;7;5;5;7;7;7;7;7;7;5;4;5;6;7;5;4;5;5;6;5;4;5;5;4;5;5;2;2;2;2;1;2;4;7;5;1;1;1;7;6;5;7;35;2;90;50;4;1;0;0;0;0;0;0
6;6;6;7;5;6;5;5;6;6;6;6;6;7;7;6;4;5;5;5;6;6;6;6;6;6;6;6;6;6;6;6;6;7;7;7;7;7;7;7;7;6;6;6;6;6;6;7;7;7;7;7;6;6;6;6;2;6;2;6;6;6;7;6;6;2;6;6;6;4;6;7;6;6;6;6;7;6;6;7;6;6;7;7;6;6;6;6;6;6;6;6;6;6;6;6;6;6;6;6;6;6;6;6;6;6;6;5;5;5;5;5;5;5;6;6;6;6;6;6;6;6;6;6;6;6;6;6;6;6;6;6;6;5;6;5;5;5;5;6;6;5;6;5;5;5;4;5;4;5;5;5;5;5;3;3;6;6;6;6;51;2;80;12;4;1;0;0;0;0;0;0
7;7;6;6;7;6;6;2;6;6;6;7;7;7;7;7;7;7;7;6;4;4;6;5;6;5;7;6;7;6;6;7;7;7;7;7;7;7;7;7;7;7;5;7;1;7;7;5;3;5;5;5;6;6;7;6;2;6;2;5;5;6;2;6;7;1;4;6;2;2;2;2;6;4;6;7;7;7;7;7;7;7;6;6;7;6;3;7;7;7;7;5;6;6;6;7;7;6;6;7;7;6;7;7;6;5;6;5;5;5;5;7;7;6;7;7;7;4;6;4;5;5;5;6;5;4;7;7;7;7;7;7;7;6;6;6;7;7;5;5;5;6;6;6;3;3;3;3;3;3;4;6;5;5;5;5;5;5;6;6;58;2;80;20;2;0;0;0;0;0;0;1
7;3;6;7;1;4;4;5;6;5;1;6;6;7;6;7;7;7;6;7;3;6;6;5;2;4;5;5;6;6;3;5;5;6;6;6;3;3;6;6;5;2;5;6;2;5;6;1;4;2;2;2;6;4;3;6;3;5;5;3;2;3;6;5;2;6;6;2;1;2;6;4;4;6;6;2;2;2;2;7;6;6;6;5;5;2;4;6;5;6;6;6;4;5;6;6;6;6;6;6;5;6;6;6;3;2;3;2;6;3;3;3;7;2;3;6;6;5;6;6;5;6;7;6;6;6;6;5;5;5;5;6;6;6;6;6;5;6;3;2;3;1;3;2;2;3;4;3;2;3;4;2;3;2;3;3;5;2;6;5;92;2;20;4;24;0;0;0;0;0;0;1
7;6;7;7;4;5;7;5;7;7;7;7;7;7;7;7;7;7;7;7;7;7;7;7;7;7;7;7;7;7;7;7;7;7;7;7;7;7;7;7;7;5;7;7;5;7;7;7;7;7;7;7;6;7;6;7;6;5;3;4;7;7;4;7;7;4;4;1;7;4;2;7;7;7;6;6;6;7;7;7;7;7;7;5;7;7;5;7;7;6;7;5;7;5;6;7;7;7;7;7;7;7;7;7;7;7;7;7;7;7;7;7;4;7;7;7;7;7;7;7;7;5;6;6;6;6;6;7;7;7;7;7;7;6;7;6;1;6;5;5;7;6;7;6;4;2;4;2;2;4;3;7;6;7;6;6;7;7;7;7;6;2;60;14;9;0;1;0;0;0;0;0